id,name,host_id,host_profile_id,host_name,neighbourhood,latitude,longitude,room_type,price,minimum_nights,number_of_reviews,last_review,reviews_per_month,calculated_host_listings_count,availability_365,number_of_reviews_ltm
2992450,Luxury 2 bedroom apartment,4621559,1.46266E+18,Kenneth,THIRD WARD,42.65789,-73.7537,Entire home/apt,80,28,9,17-08-2022,0.06,1,77,0
3820211,Restored Precinct in Center Sq. w/Parking,19648678,1.46309E+18,Ming,SIXTH WARD,42.65222,-73.76724,Entire home/apt,211,1,317,25-01-2026,2.2,7,328,8
5651579,Large studio apt  by Capital Center & ESP@,29288920,1.46543E+18,Gregg,SECOND WARD,42.64615,-73.75966,Entire home/apt,97,1,406,12-06-2026,3,2,25,37
6623339,Center Sq. Loft in Converted Precinct w/ Parking,19648678,1.46309E+18,Ming,SIXTH WARD,42.65222,-73.76724,Entire home/apt,160,1,332,30-06-2025,2.47,7,359,1
9501054,Spacious suite with full bath by Capital  Center,29288920,1.46543E+18,Gregg,SECOND WARD,42.64734,-73.75851,Private room,86,1,469,09-06-2026,3.71,2,235,47
10768745,Alb hospital area studio bath wifi. (Red),5691268,1.46269E+18,Elizabeth,FOURTEENTH WARD,42.66078,-73.80553,Private room,58,1,906,01-06-2026,7.18,2,154,103
11253948,/Fire Place Bungalow\ 1917 SUNY Eagle 6Beds 2Baths,4259750,1.46253E+18,Peter,FIFTEENTH WARD,42.67567,-73.82438,Entire home/apt,277,1,227,24-05-2026,1.86,8,357,36
11639446,$55twin($30 foreign student)FreeBF Noa/c no smoke,61700428,1.46676E+18,Abdullah,ELEVENTH WARD,42.67583,-73.78297,Private room,63,15,231,29-02-2024,1.89,2,364,0
12799126,Private Room in the Hearth of the Albany,69729286,1.46279E+18,Musab,SIXTH WARD,42.65154,-73.76867,Private room,64,5,29,09-08-2025,0.41,2,263,1
13083497,Pristine Cape Cod on the Creek - 4 Large Bedrooms!,1364123,1.46252E+18,Akhilesh,FIFTEENTH WARD,42.66972,-73.82753,Entire home/apt,313,2,200,14-06-2026,1.65,1,319,11
14316232,"Unique Modern Room, Perfect Location Albany",36438637,1.46267E+18,Chad,TENTH WARD,42.65726,-73.78219,Private room,52,18,55,28-02-2026,0.46,2,276,1
14989805,/Miller Colonial\ 1946 SUNY Eagle Hill 5Bed 2Baths,4259750,1.46253E+18,Peter,FIFTEENTH WARD,42.673512,-73.819679,Entire home/apt,394,1,143,22-05-2026,1.22,8,305,30
15580397,Albany Medical/Downtown Albany/Colleges/ ROOM H,89705052,1.46709E+18,Share,NINTH WARD,42.65651,-73.77887,Private room,69,2,55,20-11-2025,0.5,2,97,7
16531782,On a little park in Albany pine hills. (Blue),5691268,1.46269E+18,Elizabeth,FOURTEENTH WARD,42.66075,-73.80605,Private room,92,1,604,01-06-2026,8.2,2,333,108
17238066,"$53($25 foreign student)Twin, noa/cno
Smoke freeBF",61700428,1.46676E+18,Abdullah,FIFTH WARD,42.67614,-73.78169,Private room,61,15,132,01-08-2024,1.18,2,364,0
17514620,Cozy Modern Room Perfect Location Albany,36438637,1.46267E+18,Chad,TENTH WARD,42.6584,-73.78309,Private room,52,1,56,02-11-2024,0.5,2,332,0
18341426,/Sauna Ranch 1961\ SUNY Eagle Hill 4Beds 1Bath,4259750,1.46253E+18,Peter,FIFTEENTH WARD,42.67637,-73.82395,Entire home/apt,412,2,58,13-08-2024,0.58,8,350,0
19527043,Charming 1 Bedroom in a Historic Residential Home,15223767,1.46296E+18,Ed,NINTH WARD,42.65312,-73.78161,Private room,92,1,92,10-04-2026,0.99,3,228,10
20519885,5BedroomHome InAlbany 9YRSuperHost,67171774,1.46683E+18,Michael And Flerida,FOURTEENTH WARD,42.65846,-73.80201,Entire home/apt,388,4,132,27-05-2026,1.26,1,334,15
20620135,/Red Warhol Ranch\ 1959 SUNY Eagle Hill 4beds1Bath,4259750,1.46253E+18,Peter,FIFTEENTH WARD,42.675,-73.82382,Entire home/apt,246,1,102,08-03-2026,0.97,8,324,21
20633175,"Garden Apartment, on the Park, close to Capital.",65414985,1.46681E+18,James,SEVENTH WARD,42.64939,-73.76865,Entire home/apt,194,2,132,20-10-2025,1.32,2,355,1
20671966,"The Metropolitan,3rd floor suite",98744672,1.46287E+18,Bela,NINTH WARD,42.65532,-73.78244,Entire home/apt,129,2,54,28-05-2026,0.51,8,258,6
21052414,Cozy bedroom with (2) walk-in closets,135717458,1.46835E+18,Chad,THIRTEENTH WARD,42.66565,-73.77975,Private room,51,18,49,09-01-2026,0.51,3,359,3
21392315,The Blair Suite,98744672,1.46287E+18,Bela,NINTH WARD,42.65372,-73.78244,Entire home/apt,132,2,140,28-02-2026,1.34,8,259,8
21449583,/zBig Blue Ranch\ 1962 SUNY Eagle Hill 4Beds 2Bath,4259750,1.46253E+18,Peter,FIFTEENTH WARD,42.67547,-73.82402,Entire home/apt,846,4,9,05-08-2025,0.09,8,364,1
21752534,"NEW LISTING! Modern, completely updated, LOCATION!",152762198,1.4685E+18,Allen,TENTH WARD,42.66045,-73.77833,Entire home/apt,114,3,191,13-05-2026,1.83,9,236,10
21769213,Cozy downstairs bedroom in quiet neighborhood!,135717458,1.46835E+18,Chad,ELEVENTH WARD,42.66572,-73.77834,Private room,72,18,36,30-01-2026,0.35,3,17,4
21769439,Cozy upstairs room with (1) walk-in closet,135717458,1.46835E+18,Chad,ELEVENTH WARD,42.66703,-73.77842,Private room,49,20,28,02-01-2026,0.27,3,303,2
22398196,Elegant Guest Suite in our beautiful Victorian!,98744672,1.46287E+18,Bela,NINTH WARD,42.65501,-73.78122,Private room,103,2,142,11-06-2026,1.38,8,312,20
24606880,The Western Suite,98744672,1.46287E+18,Bela,NINTH WARD,42.65431,-73.78178,Private room,97,2,58,26-05-2026,0.62,8,352,8
25549565,Quiet and Pretty in the Heart of Center Square,9666970,1.46282E+18,Janet,SIXTH WARD,42.65345,-73.7645,Entire home/apt,115,1,996,31-05-2026,10.2,1,102,61
26139592,Garden Apartment in Ctr. Square: Monthly Discounts,6833937,1.52932E+18,Farah,SIXTH WARD,42.65403,-73.76325,Entire home/apt,137,2,173,14-06-2026,1.81,1,309,31
27670660,The Rock & Roll Suite,98744672,1.46287E+18,Bela,NINTH WARD,42.65430832,-73.78177643,Private room,100,2,39,18-05-2026,0.44,8,296,13
27692601,Albany Cozy home with fireplaces and Sunroom,202580880,1.46906E+18,Rosanne,EIGHTH WARD,42.64514,-73.80668,Entire home/apt,343,2,17,17-05-2026,0.18,1,169,3
28400263,Private Room in Historic Residential Home,15223767,1.46296E+18,Ed,NINTH WARD,42.65464,-73.78348,Private room,69,1,280,08-05-2026,3.03,3,224,10
28722270,Historic Loft Suite @ Downtown Albany,44434571,1.4627E+18,Earl Vanze,SECOND WARD,42.64535,-73.75365,Entire home/apt,142,1,749,09-06-2026,8.14,11,353,57
28868857,Cozy Garden 2-Bed Full Amenities @ Downtown Albany,44434571,1.4627E+18,Earl Vanze,SECOND WARD,42.64535,-73.75365,Entire home/apt,119,1,692,02-06-2026,7.57,11,338,61
28929840,"Spacious
private suite and private bath",194113768,1.46901E+18,Rachel,FOURTH WARD,42.6737,-73.75313,Private room,195,1,9,17-05-2026,0.1,1,149,2
29605579,Funky Urban Gem: Prime Central Location - Parking!,19648678,1.46309E+18,Ming,SIXTH WARD,42.65235,-73.76714,Entire home/apt,186,1,137,02-05-2026,1.48,7,357,30
30189794,Seashore Suite At The Inn on South Lake,98744672,1.46287E+18,Bela,NINTH WARD,42.6533,-73.78114,Private room,100,2,78,30-04-2026,0.87,8,225,10
32279028,"Cosy, comfy and quiet for one",172223381,1.46867E+18,Diana,EIGHTH WARD,42.64936,-73.80278,Private room,72,1,220,27-02-2026,2.46,2,0,7
32450400,Moroccan Sands,97330032,1.46717E+18,Sherrell,FOURTH WARD,42.6761,-73.73825,Private room,203,3,1,28-10-2024,0.05,1,270,0
32993402,Historic Full Amenities 2BR Apt @Downtown Albany,44434571,1.4627E+18,Earl Vanze,SECOND WARD,42.64563,-73.75311,Entire home/apt,188,1,488,06-06-2026,5.53,11,348,36
33558235,"Historic, Spacious & Fun 2BR Apt @ Downtown Albany",44434571,1.4627E+18,Earl Vanze,SECOND WARD,42.64585,-73.75297,Entire home/apt,186,1,505,24-05-2026,5.79,11,350,42
35793179,Cozy Bedroom in Historic Residential Home,15223767,1.46296E+18,Ed,SEVENTH WARD,42.65259,-73.78223,Private room,69,1,224,01-04-2026,2.65,3,228,26
35914565,Perfect Downtown Base | 1BR + Free Parking,232967878,1.4688E+18,Diana,SECOND WARD,42.64506,-73.75727,Entire home/apt,145,2,336,30-05-2026,3.97,14,73,25
36443605,Sophisticated Retreat: 2BR in heart of Albany,188679144,1.46898E+18,Elizabeth,THIRTEENTH WARD,42.66619,-73.79031,Entire home/apt,97,30,54,14-08-2024,0.64,11,365,0
38321579,Comfy and quiet,172223381,1.46867E+18,Diana,EIGHTH WARD,42.65085,-73.80239,Private room,75,1,490,14-06-2026,5.95,2,236,65
39093517,Center Sq 2BR Brownstone | Walk Capitol | Parking,299638115,1.46954E+18,Flerida,SIXTH WARD,42.65507,-73.76138,Entire home/apt,230,1,57,19-04-2026,0.72,4,306,11
39698576,Spacious Designer 1-Bed Near Albany Med,188679144,1.46898E+18,Elizabeth,NINTH WARD,42.65483,-73.78033,Entire home/apt,132,5,25,07-04-2026,0.31,11,269,1
39864828,Stunning Bungalo-style Loft in Downtown Albany,10313615,1.46257E+18,Matthew,FOURTH WARD,42.66091,-73.74285,Entire home/apt,303,1,247,26-04-2026,3.16,1,169,9
40491172,"Renovated, private parking,location, washer dryer!",152762198,1.4685E+18,Allen,THIRTEENTH WARD,42.66827,-73.79231,Entire home/apt,137,3,147,17-05-2026,1.85,9,254,16
40828178,Comfortable! One Bedroom A/C Apartment Queen Bed,47491906,1.46271E+18,Lloyd,FOURTH WARD,42.67773,-73.73899,Entire home/apt,177,1,175,11-06-2026,2.24,1,224,2
42009788,Center Square Sanctuary: Private 2-Bedroom Gem,188679144,1.46898E+18,Elizabeth,SIXTH WARD,42.65315,-73.76202,Entire home/apt,132,7,25,07-06-2025,0.32,11,360,0
42567833,Homey,339085327,1.46966E+18,Arkady,NINTH WARD,42.65567,-73.7854,Entire home/apt,78,70,0,,0,1,365,0
42763847,Charming dog friendly home with private yard!,649068,1.46252E+18,Anthony,FIRST WARD,42.63876,-73.78535,Entire home/apt,294,1,142,04-06-2026,1.9,1,140,24
43208391,Cozy Historic 2BD Apt @ Downtown Albany,272907816,1.46944E+18,Angela,SECOND WARD,42.64453,-73.75426,Entire home/apt,293,1,134,07-06-2026,1.92,3,74,19
43459803,Center Sq Brownstone - Walk To Capitol - Parking,299638115,1.46954E+18,Flerida,SIXTH WARD,42.65556,-73.76205,Entire home/apt,301,1,24,11-12-2025,0.37,4,365,6
43736299,*The Blue House* Incredible 3 Bedroom Apartment,349460842,1.4697E+18,Scott,TENTH WARD,42.66257,-73.78281,Entire home/apt,166,1,131,28-10-2024,1.8,21,0,0
43955950,* Quaint home located in residential neighborhood*,232967878,1.4688E+18,Diana,EIGHTH WARD,42.64383,-73.78926,Entire home/apt,371,2,92,17-05-2026,1.27,14,58,1
44180048,Historic Queen Studio Across from Washington Park!,355777684,1.46352E+18,Lloyd,SIXTH WARD,42.65935,-73.76805,Entire home/apt,140,1,401,13-06-2026,5.57,3,306,29
44265426,Parkside Queen 1 Bedroom (1800's) Brownstone!,355777684,1.46352E+18,Lloyd,SIXTH WARD,42.66006,-73.76966,Entire home/apt,159,1,330,06-06-2026,4.61,3,320,28
44450012,Spacious upscale luxury apartment with huge yard,353498132,1.46351E+18,Michael,EIGHTH WARD,42.64808,-73.7996,Entire home/apt,174,13,28,13-04-2026,0.4,6,242,2
45024912,Private Apt Queen 1 Bed Sanctuary with many Extras,362851072,1.46973E+18,Elsa,FOURTEENTH WARD,42.66132,-73.7956,Entire home/apt,168,1,134,07-06-2026,1.9,1,358,5
45074220,Secluded Studio Loft 3fl@ Historic Downtown Albany,272907816,1.46944E+18,Angela,SECOND WARD,42.64454,-73.75369,Entire home/apt,166,1,57,14-06-2026,0.99,3,73,17
45528939,UNIQUE Gem in HEART of Albany ★ Spiral Staircase,47625981,1.46271E+18,Linda,SECOND WARD,42.64801,-73.75668,Entire home/apt,217,1,102,12-04-2026,1.56,16,185,3
45529316,WOW ★ Bright Apt ★ PRIME downtown Walk Everywhere,47625981,1.46271E+18,Linda,SECOND WARD,42.64821,-73.75793,Entire home/apt,217,1,132,26-02-2026,2.01,16,330,9
45529447,★ 2 BEDROOM / 1 BATH TRENDY Apt ★ Downtown Albany,47625981,1.46271E+18,Linda,SECOND WARD,42.64713,-73.75628,Entire home/apt,234,1,155,08-05-2026,2.37,16,183,9
46894493,Our Antique Bungalow,69789449,1.46686E+18,Dan,NINTH WARD,42.65311,-73.78525,Entire home/apt,331,1,280,17-05-2026,4.29,1,234,22
47334913,"Newly renovated,Amazing Location,private parking",152762198,1.4685E+18,Allen,THIRTEENTH WARD,42.66646,-73.79184,Entire home/apt,134,3,121,21-05-2026,1.85,9,243,25
47345872,Bright large 1 bdr loft in Center Sq -free parking,19648678,1.46309E+18,Ming,SIXTH WARD,42.65345,-73.76663,Entire home/apt,180,1,116,05-06-2026,1.78,7,335,51
47408047,"Quiet cozy apartment, private laundry, great spot!",152762198,1.4685E+18,Allen,FOURTEENTH WARD,42.67156,-73.80883,Entire home/apt,122,3,85,24-05-2026,1.31,9,335,14
47440071,The Loft Suite @ The Historic Jesse Buel House,382970529,1.46357E+18,Thomas,THIRTEENTH WARD,42.6692,-73.79849,Private room,150,1,216,14-05-2026,3.27,12,2,43
47828453,Center Sq 2BR Brownstone | Parking | Walk Capitol,299638115,1.46954E+18,Flerida,THIRD WARD,42.656,-73.76123,Entire home/apt,198,1,29,26-02-2026,0.44,4,205,8
47943571,Downtown Albany 1 Bed + Workstation @ Maiden Lane,385664127,1.46979E+18,Dillon,THIRD WARD,42.65118,-73.75274,Entire home/apt,218,1,190,13-05-2026,2.92,2,248,20
48052353,*The Rustic Home* 3 Bedroom Second Floor Apartment,349460842,1.4697E+18,Scott,TENTH WARD,42.66261,-73.78332,Entire home/apt,265,1,175,16-05-2026,2.69,21,331,8
48124042,Downtown Albany 2 Bedroom + Workstation @ The Mark,385664127,1.46979E+18,Dillon,THIRD WARD,42.64982,-73.7509,Entire home/apt,276,1,257,21-05-2026,4.35,2,162,26
48172884,The Down Under Suite,98744672,1.46287E+18,Bela,NINTH WARD,42.65399,-73.78126,Private room,86,2,92,06-06-2026,1.43,8,265,14
48470454,"/ New Giant Victorian \ 7beds 6 baths + 2x 85"" TVs",4259750,1.46253E+18,Peter,THIRTEENTH WARD,42.66526413,-73.78692627,Entire home/apt,1041,1,67,24-05-2026,1.41,8,339,22
48599533,Capital View I,392074908,1.4636E+18,Jerry,SIXTH WARD,42.65429,-73.75986,Entire home/apt,149,2,109,18-05-2026,1.85,3,146,6
50171851,Beautiful Center Square Garden-Level Unit,48490017,1.46573E+18,Todd,SIXTH WARD,42.65157,-73.76546,Entire home/apt,127,2,221,11-05-2026,3.75,1,88,30
50207226,★ RARE 1BR Apt with Character GREAT Location! W/D★,47625981,1.46271E+18,Linda,FOURTH WARD,42.65888,-73.74673,Entire home/apt,215,1,105,09-05-2026,1.72,16,185,16
50211226,"Studio in Heart of the City, Minus the Chaos",105597161,1.46728E+18,Katelyn,ELEVENTH WARD,42.66034,-73.77163,Entire home/apt,189,2,201,19-05-2026,3.7,1,318,16
50354540,Heart of Center Square: Designer 2-Bed Retreat,188679144,1.46898E+18,Elizabeth,SIXTH WARD,42.65333,-73.76402,Entire home/apt,207,3,20,05-10-2025,0.33,11,362,4
50639032,"Sunny Queen bed, Quiet w/Beautiful Garden",172539578,1.46867E+18,David Yisrael,FIFTEENTH WARD,42.67945,-73.81647,Private room,96,3,46,10-08-2025,0.8,1,119,1
50890336,"★CHIC, Renovated Brownstone★ in PRIME DT Albany",47625981,1.46271E+18,Linda,FOURTH WARD,42.65901,-73.74748,Entire home/apt,217,1,47,19-01-2026,0.79,16,194,2
51230498,"Chic-romantic, center-city, hotel-style apartment.",414738935,1.46989E+18,Sonya,THIRD WARD,42.66064,-73.76074,Entire home/apt,112,1,278,13-11-2025,4.65,1,125,23
51461480,🍃Chic & Cozy Near Washington Park Garden Suite,416799784,1.46989E+18,Rosie,TENTH WARD,42.65969,-73.77564,Entire home/apt,126,1,32,31-03-2026,0.57,1,146,3
51579900,★MODERN 1BR GREAT Location Downtown! W/D Parking!★,47625981,1.46271E+18,Linda,FOURTH WARD,42.65856,-73.74866,Entire home/apt,166,1,89,17-05-2026,1.51,16,131,10
51592836,Lovely 1 Bedroom Unit In Historic Brownstone!,60293220,1.46674E+18,David,THIRD WARD,42.65844,-73.74978,Entire home/apt,162,2,98,17-05-2026,1.72,3,360,8
52152157,"Modern space, everything you could want!",152762198,1.4685E+18,Allen,FIRST WARD,42.63066,-73.77357,Entire home/apt,196,3,93,26-05-2026,1.62,9,135,20
52241973,Garden Apartment in Historic Center Square Home,35465673,1.46552E+18,Jason,SIXTH WARD,42.65641,-73.76413,Entire home/apt,118,1,401,31-05-2026,7.06,1,59,75
52360097,Empire Plaza View II,392074908,1.4636E+18,Jerry,SIXTH WARD,42.65386,-73.75958,Entire home/apt,149,2,81,16-05-2026,1.41,3,353,5
52611613,* Adorable home w/parking near great restaurants *,232967878,1.4688E+18,Diana,NINTH WARD,42.65674,-73.79221,Entire home/apt,268,2,158,17-05-2026,2.78,14,243,20
52691284,+ Perfect place to make memories with loved ones +,232967878,1.4688E+18,Diana,TENTH WARD,42.66236,-73.79245,Entire home/apt,819,1,113,31-05-2026,1.99,14,236,23
52837196,★MODERN 1BR Apt w/ PRIVATE deck! W/D★,47625981,1.46271E+18,Linda,FOURTH WARD,42.65812,-73.74837,Entire home/apt,217,1,88,20-10-2025,1.56,16,196,12
52863776,Washington Parkside 1 Bedroom In 1800s Brownstone!,355777684,1.46352E+18,Lloyd,SIXTH WARD,42.65826,-73.76944,Entire home/apt,154,1,283,13-06-2026,5.01,3,327,75
53483727,Spacious Urban APT w/4BR & Office in Albany,433096110,1.46996E+18,Brian,FOURTEENTH WARD,42.65824,-73.80114,Entire home/apt,315,1,188,14-06-2026,3.47,4,230,30
53567589,Private Garden Apt in Downtown Albany|Pets Allowed,433096110,1.46996E+18,Brian,SIXTH WARD,42.65204,-73.76655,Entire home/apt,177,1,308,07-06-2026,5.61,4,89,39
53645427,★ BEAUTIFUL  2 BED 2 BATH  w/ SOAKER TUB + W/D★,47625981,1.46271E+18,Linda,FOURTH WARD,42.65913,-73.74722,Entire home/apt,269,1,144,24-05-2026,2.62,16,178,24
53860077,/ Sauna Garden Getaway\ 1943 SUNY Eagle Hill,4259750,1.46253E+18,Peter,FIFTEENTH WARD,42.674675,-73.822861,Entire home/apt,701,1,62,26-05-2026,1.2,8,356,22
53971505,Charming 1 Bdrm Garden Apt in Historic Brownstone,60293220,1.46674E+18,David,FOURTH WARD,42.65873,-73.7494,Entire home/apt,166,13,3,31-12-2022,0.06,3,365,0
54126420,Pine Hills Stay 1 Bedroom,37769478,1.46557E+18,Erion,TENTH WARD,42.66261,-73.79026,Entire home/apt,146,1,124,24-05-2026,2.54,16,248,19
54126421,Beautiful 2 BDR Apartment in the heart of Albany,37769478,1.46557E+18,Erion,SIXTH WARD,42.65422,-73.76996,Entire home/apt,183,1,82,31-05-2026,1.59,16,325,13
54126427,Beautiful 1 bedroom In the heart of Albany,37769478,1.46557E+18,Erion,SIXTH WARD,42.65403,-73.77056,Entire home/apt,173,1,192,01-04-2026,3.55,16,337,56
54150131,Charming 170-Year-Old Home in the Heart of Albany,432936385,1.46369E+18,Jared,SIXTH WARD,42.65143,-73.76497,Entire home/apt,166,1,266,08-03-2026,5.13,1,0,39
54369238,"Cozy townhouse, close to hospital, free parking!",152762198,1.4685E+18,Allen,NINTH WARD,42.65578,-73.78641,Entire home/apt,144,3,87,17-05-2026,1.92,9,219,29
54369240,Lovely 1 bedroom rental close to Alb Med!,152762198,1.4685E+18,Allen,TENTH WARD,42.65905,-73.77964,Entire home/apt,137,3,66,13-03-2026,1.33,9,319,9
5.5925E+17,Cozy 1 bedroom with office and luxurious King size,433884293,1.46369E+18,Uniah,NINTH WARD,42.66062,-73.79112,Entire home/apt,95,5,2,26-06-2023,0.04,1,363,0
5.88298E+17,Modern one bedroom with free off street parking,353498132,1.46351E+18,Michael,SECOND WARD,42.64441,-73.75647,Entire home/apt,108,13,17,01-03-2026,0.35,6,166,3
5.93272E+17,Jesse's Suite @ The Historic Jesse Buel House,382970529,1.46357E+18,Thomas,THIRTEENTH WARD,42.66911,-73.79869,Private room,124,1,157,03-05-2026,3.25,12,3,31
6.17242E+17,Iconic City Center Apt in Downtown | Pets Allowed,433096110,1.46996E+18,Brian,SIXTH WARD,42.65353,-73.7679,Entire home/apt,177,1,242,15-06-2026,4.84,4,91,63
6.19695E+17,Modern luxury one bedroom with off street parking,353498132,1.46351E+18,Michael,SECOND WARD,42.64489,-73.75731,Entire home/apt,152,13,12,20-02-2026,0.25,6,282,2
6.2196E+17,The Historic Jesse Buel Farmhouse,382970529,1.46357E+18,Thomas,FOURTEENTH WARD,42.66762,-73.79919,Entire home/apt,1701,1,18,25-09-2025,0.38,12,148,3
6.28163E+17,★SPACIOUS 1BR Apt w/ Character 10ft Ceilings W/D!★,47625981,1.46271E+18,Linda,SECOND WARD,42.64528,-73.75861,Entire home/apt,208,1,66,29-05-2026,1.35,16,189,9
6.28824E+17,Clean lines and accessible Convenient Location!,7164949,1.46273E+18,Jordan,THIRD WARD,42.66169975,-73.76466828,Private room,94,3,0,,0,1,88,0
6.34108E+17,Perfect for Families and Traveling Professionals,119340359,1.46822E+18,Lori,SIXTH WARD,42.65323,-73.76797,Entire home/apt,166,30,103,30-07-2025,2.09,2,0,2
6.38901E+17,🪴 Historic & Homey 1 Bdrm Apt @ Downtown Albany,335923036,1.46965E+18,Mohammed,SECOND WARD,42.645351,-73.753647,Entire home/apt,1267,1,10,26-08-2023,0.2,1,365,0
6.49974E+17,Modern luxury studio with free off street parking,353498132,1.46351E+18,Michael,SECOND WARD,42.64625,-73.75663,Entire home/apt,216,14,8,26-11-2024,0.17,6,166,0
6.58638E+17,CHEERFULL 3 BEDROOM HOME WITH FREE PARKING.,466389096,1.4701E+18,Patrice,FIRST WARD,42.6374547,-73.7716647,Entire home/apt,214,5,5,22-09-2023,0.1,2,357,0
6.62133E+17,Beautiful 4 bedroom house Large eat in kitchen,466389096,1.4701E+18,Patrice,FIRST WARD,42.6378819,-73.7715269,Entire home/apt,176,7,2,12-08-2024,0.04,2,365,0
6.77623E+17,**New Listing! Modern 2 bdrm Apt in Mansion Area!,203631769,1.46906E+18,Johnny,SECOND WARD,42.64531,-73.75963,Entire home/apt,166,2,28,29-09-2023,0.6,1,0,0
6.89719E+17,"Elegant, spacious studio apt in historic mansion",1717342,1.46252E+18,David,SIXTH WARD,42.65405765,-73.760713,Entire home/apt,149,1,348,29-05-2026,7.47,2,315,80
6.92808E+17,Relax in Style by Washington Park - Free Parking,67337944,1.46683E+18,Rabia,ELEVENTH WARD,42.6623,-73.777,Entire home/apt,84,31,103,23-02-2025,2.44,1,166,0
6.99074E+17,"Historic Gem, Fireplace,2BR/2BA,Capitol District",476189412,1.47015E+18,Timothy,SECOND WARD,42.6468502,-73.7587258,Entire home/apt,436,2,10,22-03-2026,0.22,3,122,5
7.03552E+17,Cozy Albany Home,3650672,1.46264E+18,Zuhair,THIRTEENTH WARD,42.67075,-73.79704,Entire home/apt,290,2,6,24-12-2025,0.26,1,160,2
7.04545E+17,Cozy 1 Bedroom Apt in desirable Albany locale,58406953,1.4667E+18,Nicholas,THIRTEENTH WARD,42.67485,-73.79867,Entire home/apt,145,3,9,28-01-2026,0.2,1,162,6
7.0566E+17,Luxurious one bedroom with off-street parking,353498132,1.46351E+18,Michael,SECOND WARD,42.64577,-73.7583,Entire home/apt,232,13,10,28-09-2025,0.24,6,166,2
7.17373E+17,Charming Central Escape | 2BR + Parking,232967878,1.4688E+18,Diana,THIRTEENTH WARD,42.67261,-73.79262,Entire home/apt,228,2,75,15-05-2026,1.69,14,65,10
7.3588E+17,Modern & Homey 1BD/1BA Fl 1 Apt @ Downtown Albany,44434571,1.4627E+18,Earl Vanze,THIRD WARD,42.64564,-73.75261,Entire home/apt,155,1,114,26-05-2026,2.58,11,357,33
7.36894E+17,Lovely private room in center square for $700/mo,77367219,1.46695E+18,Elizabeth,SIXTH WARD,42.65643,-73.76402,Private room,30,30,3,05-10-2024,0.07,1,319,0
7.37574E+17,4 bed all on one floor,232967878,1.4688E+18,Diana,TENTH WARD,42.66069,-73.78555,Entire home/apt,403,1,46,02-03-2025,1.05,14,66,0
7.39723E+17,Adirondack Suite #1,98744672,1.46287E+18,Bela,NINTH WARD,42.6543178,-73.7818222,Private room,86,2,47,09-04-2026,1.06,8,324,9
7.44431E+17,"1 Bedroom on Lincoln Park, near Lark and Downtown",65414985,1.46681E+18,James,SEVENTH WARD,42.6496,-73.76792,Entire home/apt,147,2,47,25-05-2026,1.22,2,355,16
7.56753E+17,Private Room in the Center of the Albany,69729286,1.46279E+18,Musab,SIXTH WARD,42.65259,-73.76732,Private room,55,20,22,05-05-2026,0.52,2,241,4
7.57342E+17,Elegant Studio in Center Square,188679144,1.46898E+18,Elizabeth,SIXTH WARD,42.65534,-73.76461,Entire home/apt,104,7,15,15-02-2026,0.35,11,312,1
7.57978E+17,Charming location near universities & hospital,232967878,1.4688E+18,Diana,THIRTEENTH WARD,42.67261,-73.79262,Entire home/apt,249,2,70,06-05-2026,1.74,14,36,18
7.61142E+17,ParkSouth Stay 2 Bedroom with Parking,37769478,1.46557E+18,Erion,SIXTH WARD,42.65405,-73.76953,Entire home/apt,183,1,50,10-05-2026,1.17,16,259,5
7.64509E+17,Rest+Restore Room • Short & Extended Stay •,6203319,1.4627E+18,Melissa,TENTH WARD,42.66117,-73.79091,Private room,115,1,44,17-05-2026,1.02,2,10,13
7.74701E+17,Entire cozy unit in Albany,261036923,1.46333E+18,Hasan,FOURTEENTH WARD,42.6601,-73.80719,Entire home/apt,91,4,78,31-05-2026,1.85,1,231,15
7.84781E+17,Private Entry to bedroom and private bath,491907850,1.47021E+18,Donna,FOURTEENTH WARD,42.66298,-73.81361,Private room,78,1,62,23-05-2026,1.53,1,164,42
7.86181E+17,Center Square Gem: Junior 1 Bedroom,188679144,1.46898E+18,Elizabeth,THIRD WARD,42.65653,-73.76223,Entire home/apt,81,30,3,27-01-2024,0.09,11,364,0
7.86228E+17,Glamorous 1BR Retreat in Center Square,188679144,1.46898E+18,Elizabeth,SIXTH WARD,42.65322,-73.76249,Entire home/apt,87,30,5,31-12-2025,0.15,11,354,1
7.86316E+17,Elegant newly renovated cozy smart apartment,253824490,1.46331E+18,Tomar,FIFTH WARD,42.65915031,-73.75431933,Entire home/apt,149,2,43,19-04-2026,1.05,1,302,7
7.87024E+17,*The Allen House* Gorgeous Apartment - Sleeps 8,349460842,1.4697E+18,Scott,FOURTEENTH WARD,42.6653,-73.7943,Entire home/apt,292,1,150,31-05-2026,3.73,21,105,38
7.94723E+17,Newly Renovated| Washer&Dryer|5G Wifi,20144241,1.46261E+18,Vertesol,FIFTH WARD,42.67283,-73.77367,Entire home/apt,137,1,24,28-03-2026,0.65,1,255,9
7.95542E+17,Historic Washington Park Inn | Full Mansion | 7 BR,493882819,1.47022E+18,Terra,NINTH WARD,42.656329,-73.7752048,Shared room,840,1,9,14-05-2026,0.26,6,141,4
7.96231E+17,Historic Washington Park Inn | Room 4 | Floor 2,493882819,1.47022E+18,Terra,NINTH WARD,42.65582,-73.77541,Private room,167,1,12,01-12-2024,0.34,6,185,0
7.97455E+17,Albany Medical/colleges/Downtown Albany/ Room O,89705052,1.46709E+18,Share,TENTH WARD,42.65741,-73.78034,Private room,69,2,23,11-11-2025,0.56,2,101,9
8.02217E+17,Historic Washington Park Inn | Room 6 | Floor 2,493882819,1.47022E+18,Terra,SIXTH WARD,42.65751,-73.77409,Private room,190,1,6,13-10-2024,0.17,6,171,0
8.03605E+17,3br/2ba Near Alb Med & St.Petes.,21886921,1.46317E+18,David,FOURTEENTH WARD,42.66691,-73.79338,Entire home/apt,166,14,7,30-04-2026,0.19,1,2,3
8.03814E+17,Historic Washington Park Inn | Room 5 | Floor 2,493882819,1.47022E+18,Terra,NINTH WARD,42.656329,-73.775205,Private room,179,1,6,11-10-2024,0.17,6,181,0
8.03868E+17,Historic Washington Park Inn | Room 1 | 1st Floor,493882819,1.47022E+18,Terra,NINTH WARD,42.656329,-73.775205,Private room,167,1,10,27-08-2025,0.28,6,187,1
8.09525E+17,Two bedroom apartment near hospitals pet friendly,172658781,1.46868E+18,Jessica,NINTH WARD,42.65613972,-73.79212238,Entire home/apt,110,30,3,24-05-2026,0.22,2,161,2
8.1364E+17,The front room w/ TV and king size bed,116935236,1.46291E+18,F S,THIRTEENTH WARD,42.67144,-73.79033,Private room,63,5,24,14-06-2026,0.69,5,360,7
8.16085E+17,Cozy Apartment across the Park,37769478,1.46557E+18,Erion,SIXTH WARD,42.65258,-73.76917,Entire home/apt,153,1,59,17-05-2026,1.44,16,311,19
8.21566E+17,COMFY Room/w Private BATH + TV,177073982,1.46307E+18,Cristian,FOURTEENTH WARD,42.66109,-73.80479,Private room,13,90,3,30-11-2023,0.07,2,294,0
8.26302E+17,2 br apt 2 min walk to albanymed offstreet parking,484673863,1.46381E+18,Michaela,NINTH WARD,42.65500619,-73.77570156,Entire home/apt,236,1,80,06-06-2026,1.98,3,355,45
8.31123E+17,Boho-Chic Cape Conveniently Located,210596861,1.4691E+18,Craig,FIFTEENTH WARD,42.67076,-73.82612,Entire home/apt,363,2,140,14-06-2026,3.52,1,321,35
8.41524E+17,Mellow Cove,462042479,1.47008E+18,Natasha,SIXTH WARD,42.66008,-73.76977,Entire home/apt,137,3,6,09-07-2024,0.18,2,362,0
8.41524E+17,Cozy Cove Away From Home,462042479,1.47008E+18,Natasha,SIXTH WARD,42.65987,-73.77025,Entire home/apt,137,3,12,03-12-2023,0.33,2,357,0
8.43481E+17,Center Square Serenity: 2-Bedroom Elegance,188679144,1.46898E+18,Elizabeth,SIXTH WARD,42.65483,-73.76353,Entire home/apt,114,14,2,04-09-2023,0.05,11,364,0
8.4596E+17,Modern Cottage-Perfect for Families!,268741708,1.46942E+18,Antoinette,FIRST WARD,42.63504,-73.79833,Entire home/apt,587,1,160,01-06-2026,4.07,1,134,44
8.46586E+17,Spacious Home Away from Home!,49372011,1.46575E+18,Philip,TWELFTH WARD,42.67336,-73.78619,Entire home/apt,266,2,21,17-05-2026,0.54,2,173,2
8.4946E+17,Your luxury home away from home,1761578,1.46258E+18,Grant,SIXTH WARD,42.65432,-73.76531,Entire home/apt,236,3,2,17-02-2025,0.07,2,233,0
8.50173E+17,Stunning Guest Suite in Historic 1874 Row House,120815848,1.46823E+18,Phat,SECOND WARD,42.6446,-73.75885,Private room,160,1,233,14-06-2026,5.99,1,330,57
8.50654E+17,"Plum room, private queen near Albany Med, UAlbany",20536619,1.46261E+18,Emily,THIRTEENTH WARD,42.67177,-73.79464,Private room,97,4,18,13-02-2026,0.51,13,75,2
8.57982E+17,Updated Historic Brownstone Apt.,60293220,1.46674E+18,David,THIRD WARD,42.65817,-73.74935,Entire home/apt,137,3,30,25-05-2026,0.8,3,339,8
8.70457E+17,Quiet Room Near Everything,177073982,1.46307E+18,Cristian,FOURTEENTH WARD,42.66128,-73.80548,Private room,13,90,4,02-03-2024,0.12,2,203,0
8.81232E+17,ParkSouth Brickhouse 1 Bedroom,37769478,1.46557E+18,Erion,SIXTH WARD,42.65379,-73.76901,Entire home/apt,144,1,31,17-05-2026,0.81,16,356,11
8.8223E+17,Modern / Downtown Albany 1 BR APT,512736975,1.47031E+18,Miguelino,TENTH WARD,42.6599733,-73.7747433,Entire home/apt,124,1,79,19-04-2026,2.1,2,206,16
8.87168E+17,The Comfort II,459472925,1.47007E+18,Gabriel,THIRD WARD,42.66246,-73.76576,Private room,49,7,32,07-11-2025,0.87,2,364,5
8.87179E+17,The Comfort,459472925,1.47007E+18,Gabriel,THIRD WARD,42.6628771,-73.7653403,Private room,50,7,30,08-06-2025,0.8,2,312,0
8.88859E+17,Walk to Downtown Albany: Ten Broeck Triangle Apt!,121680792,1.46824E+18,Evolve,THIRD WARD,42.6573,-73.7521,Entire home/apt,190,2,19,31-05-2026,0.51,4,354,3
8.98744E+17,"Airy 5Br-2Ba,Kids Rm, 6TVs,Pvt Fence-yard&Parking!",516414095,1.47032E+18,Rashawn,TENTH WARD,42.66087,-73.78655,Entire home/apt,307,2,66,07-06-2026,1.81,1,245,13
9.02166E+17,2 bdrm Modern & Hip Apt w/ Patio,47625981,1.46271E+18,Linda,SEVENTH WARD,42.64787,-73.76707,Entire home/apt,257,1,65,30-05-2026,1.78,16,182,15
9.02327E+17,"""The LEO Home"" Private Bedroom 4",349460842,1.4697E+18,Scott,TENTH WARD,42.66174,-73.78325,Private room,46,30,2,13-04-2026,0.36,21,325,2
9.04393E+17,/Luxury Modern Western Hideout\,4259750,1.46253E+18,Peter,THIRTEENTH WARD,42.6652959,-73.7868778,Entire home/apt,196,1,23,14-12-2025,0.63,8,264,4
9.05007E+17,*The Red House* 4 Bedrooms•Beautifully Renovated,349460842,1.4697E+18,Scott,TENTH WARD,42.66217,-73.78299,Entire home/apt,300,1,108,01-06-2026,3.03,21,352,40
9.16984E+17,Luxury apartment near Saint Peter / Albany Med,283643924,1.46949E+18,Joe,FOURTEENTH WARD,42.65872,-73.79555,Entire home/apt,73,28,7,06-03-2026,0.2,1,273,3
9.17511E+17,"R&R | Hospitals, Colleges + Politics",6203319,1.4627E+18,Melissa,TENTH WARD,42.66261,-73.79158,Private room,92,1,18,15-02-2026,0.5,2,36,8
9.19056E+17,Room for rent,502751555,1.47026E+18,Grace,FIFTH WARD,42.67292,-73.7776,Private room,107,1,0,,0,1,364,0
9.21076E+17,Work hard! Play hard!,521669673,1.47035E+18,Kody,THIRD WARD,42.6586,-73.75743,Entire home/apt,103,7,3,21-12-2024,0.09,4,268,0
9.28949E+17,Newly Renovated Gem in Melrose - Pet Friendly,441054845,1.46999E+18,Thaddeus,THIRTEENTH WARD,42.67066,-73.79571,Entire home/apt,166,2,96,03-05-2026,2.72,2,0,27
9.32642E+17,Stylish top floor apt w/parking,232967878,1.4688E+18,Diana,THIRTEENTH WARD,42.67224,-73.79301,Entire home/apt,172,2,52,16-05-2026,1.47,14,10,11
9.34035E+17,Historic Washington Park Inn | Room 7 | Floor 2,493882819,1.47022E+18,Terra,SIXTH WARD,42.65655,-73.77434,Private room,167,1,10,16-05-2026,0.28,6,178,2
9.37838E+17,Hudson 2 at The Argus Hotel,526358730,1.47037E+18,Argus,SIXTH WARD,42.65867,-73.77479,Private room,174,1,3,19-04-2026,0.09,11,189,1
9.37917E+17,Hudson 3 ADA at The Argus Hotel,526358730,1.47037E+18,Argus,TENTH WARD,42.65908,-73.77456,Private room,174,1,9,02-08-2025,0.26,11,147,2
9.37928E+17,Hudson 4 at The Argus Hotel,526358730,1.47037E+18,Argus,TENTH WARD,42.66043,-73.77432,Private room,174,1,3,10-07-2025,0.14,11,188,1
9.37935E+17,Hudson 5 at The Argus Hotel,526358730,1.47037E+18,Argus,SIXTH WARD,42.65847,-73.77272,Private room,174,1,7,02-05-2026,0.22,11,190,1
9.37944E+17,Whalen 1 Suite at The Argus Hotel,526358730,1.47037E+18,Argus,SIXTH WARD,42.65908,-73.77326,Private room,292,1,4,01-03-2026,0.13,11,182,2
9.3796E+17,Whalen 2 Deluxe at The Argus Hotel,526358730,1.47037E+18,Argus,TENTH WARD,42.66003,-73.7732,Private room,280,1,2,05-03-2026,0.19,11,184,2
9.37967E+17,Whalen 3 at The Argus Hotel,526358730,1.47037E+18,Argus,SIXTH WARD,42.65857,-73.7744,Private room,241,1,0,,0,11,185,0
9.3826E+17,Whalen 4 at The Argus Hotel,526358730,1.47037E+18,Argus,SIXTH WARD,42.65893,-73.77448,Private room,241,1,0,,0,11,187,0
9.38266E+17,Knickerbocker 1 The Argus Hotel,526358730,1.47037E+18,Argus,TENTH WARD,42.66037,-73.77327,Private room,241,1,0,,0,11,190,0
9.38272E+17,Knickerbocker 3 The Argus Hotel,526358730,1.47037E+18,Argus,SIXTH WARD,42.65868,-73.77333,Private room,331,1,0,,0,11,187,0
9.3828E+17,Historic Carriage House  in Washington Park,526358730,1.47037E+18,Argus,TENTH WARD,42.66036,-73.7729,Entire home/apt,431,1,19,22-02-2026,0.55,11,181,3
9.38421E+17,"The backroom with TV, Queen bed and extra futon",116935236,1.46291E+18,F S,ELEVENTH WARD,42.6708367,-73.7853116,Private room,76,5,27,15-09-2025,0.77,5,334,1
9.38432E+17,The little room with TV and twin bed,116935236,1.46291E+18,F S,THIRTEENTH WARD,42.66974,-73.78611,Private room,61,5,49,20-04-2026,1.39,5,334,13
9.4275E+17,The spacious room w/ tv dresser/desk,116935236,1.46291E+18,F S,ELEVENTH WARD,42.67034,-73.7851,Private room,72,5,23,06-06-2026,0.78,5,345,4
9.50211E+17,"Historic, Spacious Mansion Suite",1717342,1.46252E+18,David,SIXTH WARD,42.6541815,-73.7608605,Entire home/apt,287,1,259,07-06-2026,7.52,2,313,84
9.50614E+17,Modern and cozy home,529844022,1.47038E+18,Eraj,FIRST WARD,42.6376753,-73.7685409,Entire home/apt,166,1,14,08-02-2026,1.74,1,0,14
9.63921E+17,Comfy studio in heart of Albany,189586864,1.46898E+18,Justin,SIXTH WARD,42.65241,-73.77002,Entire home/apt,184,1,139,28-05-2026,4.08,1,335,38
9.65314E+17,Historic Brownstone in Downtown Albany,533703131,1.4704E+18,Abel,THIRD WARD,42.65665876,-73.7493968,Entire home/apt,166,1,6,10-05-2025,0.41,1,0,0
9.66288E+17,"Modern 2-bed Apt / Hospitals, SUNY, State Office",374765317,1.46976E+18,Tanjin,FIFTEENTH WARD,42.67059,-73.81678,Entire home/apt,160,3,28,17-12-2025,0.84,1,164,7
9.69887E+17,Abba House historic Retreat - 1st Floor Queen Bed,382970529,1.46357E+18,Thomas,FOURTEENTH WARD,42.66877,-73.79927,Private room,90,1,165,01-06-2026,5.16,12,14,37
9.80034E+17,Chic Madison Parkview,241123402,1.46928E+18,JShing,SIXTH WARD,42.65312775,-73.76950465,Entire home/apt,177,1,42,05-06-2026,1.29,1,295,17
9.83307E+17,The House That Pat Built,114183978,1.46818E+18,Tyrell,FIFTH WARD,42.66628,-73.76512,Entire home/apt,209,2,7,02-11-2025,0.22,1,107,2
9.8901E+17,Modern 1BR in a great location,75667477,1.46693E+18,Ahmad,THIRD WARD,42.65515516,-73.76052583,Entire home/apt,109,30,10,01-02-2026,0.3,1,218,3
9.90935E+17,Garden level apartment | Center Sq-great location!,93905065,1.46713E+18,Grace,SIXTH WARD,42.65259924,-73.76178014,Entire home/apt,144,1,43,13-05-2026,1.47,1,69,24
9.9212E+17,Two bedroom close to colleges!,152762198,1.4685E+18,Allen,FOURTEENTH WARD,42.67098,-73.80695,Entire home/apt,177,3,37,24-05-2026,1.13,9,264,19
9.92555E+17,5BR/4BA Retreat | Fire Pit + BBQ,476189412,1.47015E+18,Timothy,SEVENTH WARD,42.64485687,-73.77281881,Entire home/apt,625,2,24,12-06-2026,0.84,3,127,14
9.93431E+17,Albany 3 Bedroom Apt. Sleeps 6,309980121,1.46958E+18,Zhechao Ronald,SIXTH WARD,42.65623,-73.7641152,Entire home/apt,166,7,12,29-02-2024,0.37,1,0,0
9.99162E+17,"Spacious Apartment Downtown Albany, NY",531209536,1.47039E+18,Amar,THIRD WARD,42.65762,-73.75116,Entire home/apt,161,1,59,16-05-2026,1.82,2,253,24
1.00498E+18,Elegant Albany Retreat | Mins to D/T & UAlbany,31318080,1.46546E+18,Cindy,EIGHTH WARD,42.6555,-73.81066,Entire home/apt,258,2,97,31-05-2026,3.42,1,215,41
1.00598E+18,Massive 4BD/3BA 2-Fl Townhouse Apt Downtown Albany,44434571,1.4627E+18,Earl Vanze,SECOND WARD,42.6453489,-73.7536465,Entire home/apt,355,1,106,13-05-2026,3.31,11,352,39
1.00735E+18,Top floor w/off street parking,232967878,1.4688E+18,Diana,TENTH WARD,42.66091,-73.78453,Entire home/apt,166,1,39,21-06-2025,1.22,14,0,0
1.01076E+18,Abba House Historic Retreat - 3rd Flr Twin Bed,382970529,1.46357E+18,Thomas,THIRTEENTH WARD,42.67003,-73.79771,Private room,80,1,75,30-04-2026,2.35,12,18,11
1.01076E+18,Abba House Historic Retreat - Queen Bed w/ Single,382970529,1.46357E+18,Thomas,THIRTEENTH WARD,42.66971,-73.79755,Private room,84,1,113,29-05-2026,3.55,12,10,42
1.01076E+18,ABBA House Retreat - King Bed w/ Large Office,382970529,1.46357E+18,Thomas,FOURTEENTH WARD,42.66806608,-73.79824947,Private room,73,1,19,23-05-2026,0.59,12,3,17
1.01286E+18,ABBA House Retreat: Centrally Located Grand Manor,382970529,1.46357E+18,Thomas,THIRTEENTH WARD,42.66989925,-73.79770311,Entire home/apt,1265,1,11,30-05-2026,1.76,12,337,11
1.01366E+18,Abba House Historic Retreat - 2nd Floor Full Bed,382970529,1.46357E+18,Thomas,FOURTEENTH WARD,42.66873,-73.7993,Private room,86,1,53,17-04-2026,1.67,12,9,31
1.01539E+18,纽约州首府的温馨小屋,182509542,1.46308E+18,Yan,NINTH WARD,42.6558992,-73.7965699,Private room,35,1,0,,0,1,88,0
1.01605E+18,Heart of Albany - Downtown Near Everything,42708277,1.46563E+18,Rodney,SIXTH WARD,42.65539,-73.76416,Entire home/apt,199,1,62,29-05-2026,1.95,5,58,21
1.0183E+18,ABBA House Retreat- Queen Bed w/ Large Closet,382970529,1.46357E+18,Thomas,FOURTEENTH WARD,42.66792031,-73.79895761,Private room,75,1,54,29-05-2026,1.72,12,10,37
1.0183E+18,Abba House Historic Retreat - 2nd Floor Queen Bed,382970529,1.46357E+18,Thomas,THIRTEENTH WARD,42.66996,-73.79816,Private room,86,1,110,02-06-2026,3.48,12,9,21
1.01897E+18,Rowhouse 9 ParkSouth 1 Bedroom,37769478,1.46557E+18,Erion,SIXTH WARD,42.6535,-73.77046,Entire home/apt,164,1,71,24-05-2026,2.26,16,334,11
1.02052E+18,Downtown Studio,233515764,1.46924E+18,Etem,SECOND WARD,42.64714,-73.75466,Entire home/apt,123,1,219,04-06-2026,7.12,8,231,75
1.02099E+18,*Beautiful* Spacious Prime DT 1 Bedroom Apt w GYM,47625981,1.46271E+18,Linda,THIRD WARD,42.6586,-73.76421,Entire home/apt,216,1,30,03-04-2026,0.96,16,190,9
1.02101E+18,*Spacious* Modern 1 Bedroom RARE Apt w GYM,47625981,1.46271E+18,Linda,THIRD WARD,42.65971,-73.76382,Entire home/apt,216,1,37,08-06-2026,1.19,16,1,8
1.03472E+18,"*Huge, bright, private 2Bedroom*",130404008,1.46831E+18,Michael,THIRD WARD,42.65711,-73.75133,Entire home/apt,166,4,2,01-09-2024,0.09,1,0,0
1.04357E+18,2 bed room Apartment,212885959,1.46911E+18,Osas,SECOND WARD,42.63976,-73.75705,Entire home/apt,171,1,31,25-05-2026,1.09,1,347,12
1.05238E+18,Fully Furnished 2BR- 5 min to Albany Med Downtown,52464523,1.46585E+18,Dashima,FIRST WARD,42.64081,-73.77463,Entire home/apt,93,30,9,18-04-2025,0.3,1,257,0
1.05647E+18,"Bonjour, Bienvenue A Chez Pierre",553112010,1.47047E+18,Lynn,TWELFTH WARD,42.7149,-73.87649,Private room,72,2,1,26-10-2024,0.05,1,268,0
1.06181E+18,Massive 5BD/4BA 3-Story Duplex @ Downtown Albany,44434571,1.4627E+18,Earl Vanze,SECOND WARD,42.64418,-73.75316,Entire home/apt,531,1,24,31-05-2026,0.85,11,351,6
1.06253E+18,"Nighthawk room, private twin near AMC, UAlbany",20536619,1.46261E+18,Emily,THIRTEENTH WARD,42.67096,-73.79514,Private room,82,4,17,20-05-2026,0.59,13,72,5
1.07974E+18,Lark St Oasis: Parking & Laundry,119340359,1.46822E+18,Lori,SIXTH WARD,42.65531,-73.76449,Entire home/apt,166,2,10,11-11-2025,0.35,2,0,3
1.09078E+18,Newly renovated cozy apartment !,521669673,1.47035E+18,Kody,THIRD WARD,42.65975,-73.76311,Entire home/apt,88,14,1,24-11-2024,0.05,4,268,0
1.0915E+18,Triplex oasis w:parking near MVP,232967878,1.4688E+18,Diana,SECOND WARD,42.64409,-73.75709,Entire home/apt,131,2,98,28-05-2026,3.5,14,77,32
1.098E+18,Walkable Studio: Restaurants & Fun Just Steps Away,232967878,1.4688E+18,Diana,SIXTH WARD,42.65269,-73.76567,Entire home/apt,132,2,70,20-05-2026,2.53,14,37,21
1.10088E+18,"Homey, Quiet 2BR W/ Washer Dryer",152762198,1.4685E+18,Allen,FOURTEENTH WARD,42.67008,-73.80691,Entire home/apt,148,3,51,23-03-2026,1.93,9,257,21
1.10298E+18,Rowhouse 03 1 BDR Apartment,37769478,1.46557E+18,Erion,SIXTH WARD,42.65289,-73.76834,Entire home/apt,181,1,67,17-05-2026,2.42,16,360,17
1.10498E+18,Abba House historic Retreat - 2nd Floor Queen,382970529,1.46357E+18,Thomas,THIRTEENTH WARD,42.66943,-73.79882,Private room,97,1,56,21-10-2025,2.02,12,13,7
1.1053E+18,Downtown Brownstone with a View!,14817455,1.46295E+18,Matt,THIRD WARD,42.65749,-73.75263,Entire home/apt,166,2,0,,0,1,211,0
1.11122E+18,Historical Pastures,418250661,1.46365E+18,Stephanie,THIRD WARD,42.6564469,-73.7507251,Entire home/apt,125,2,27,22-03-2026,0.99,2,189,15
1.11291E+18,Travelers House - Private 2 bedrooms with a deck,42700558,1.46563E+18,Sefa,FOURTEENTH WARD,42.6643144,-73.81606654,Entire home/apt,118,3,3,13-03-2026,0.83,1,112,3
1.11969E+18,Center Square Garden Apt + W/D | Walk to Capitol,472965048,1.47013E+18,Short & Comfy,SIXTH WARD,42.65348,-73.7637,Entire home/apt,195,1,30,09-05-2026,1.12,2,266,15
1.12021E+18,Historic Garden Retreat in 1858 Row House + W/D,472965048,1.47013E+18,Short & Comfy,SIXTH WARD,42.65194,-73.76526,Entire home/apt,210,1,36,28-05-2026,1.34,2,266,8
1.1217E+18,Cozy apartment in Albany,1761578,1.46258E+18,Grant,SIXTH WARD,42.65314,-73.76546,Entire home/apt,314,2,6,18-02-2025,0.22,2,161,0
1.12323E+18,"Modern townhouse 2 Bedrooms, King Bed, parking",10279606,1.46284E+18,Nori,FIFTEENTH WARD,42.66901,-73.82402,Entire home/apt,219,2,89,26-05-2026,3.38,3,293,39
1.12456E+18,Charming 1BR Near Capitol-Dwntwn,46312980,1.46569E+18,Robert,SECOND WARD,42.646032,-73.760482,Entire home/apt,116,3,7,09-05-2026,0.28,2,216,3
1.12463E+18,Modern Duplex - Historical Home,46312980,1.46569E+18,Robert,SECOND WARD,42.646032,-73.760482,Entire home/apt,137,5,8,26-02-2026,0.3,2,83,3
1.12839E+18,Welcome home travelers,502037254,1.47026E+18,Andrew,SEVENTH WARD,42.64893,-73.76886,Entire home/apt,86,25,2,03-08-2024,0.08,2,210,0
1.13126E+18,"Close to MVP/Airport/SUNY; 45m-1Hr: Saratoga, LG!",440509865,1.46999E+18,John,FIFTEENTH WARD,42.6748535,-73.81692445,Entire home/apt,206,1,122,13-06-2026,5.41,1,328,71
1.13494E+18,Calling all travelers,521669673,1.47035E+18,Kody,THIRD WARD,42.65909,-73.75691,Entire home/apt,90,14,2,15-05-2025,0.08,4,268,0
1.13581E+18,Cozy Bedrooms in Albany,522436003,1.47035E+18,Adriana,THIRTEENTH WARD,42.6689614,-73.7890379,Private room,46,28,0,,0,6,235,0
1.13643E+18,"""The LEO Home"" Private Bedroom 1",349460842,1.4697E+18,Scott,THIRTEENTH WARD,42.66368,-73.78128,Private room,78,6,0,,0,21,364,0
1.14153E+18,North Allen,522436003,1.47035E+18,Adriana,THIRTEENTH WARD,42.6689614,-73.7890379,Private room,38,28,2,10-10-2025,0.19,6,236,2
1.14283E+18,Safe Comfy Cozy 2 bedrooms.,574235481,1.47057E+18,Lavern,FIRST WARD,42.64094,-73.7767,Entire home/apt,166,2,4,06-07-2024,0.15,1,0,0
1.14283E+18,Modern Cozy Retreat in Upstate NY-Guest Favorite,129023424,1.46829E+18,Riccardo,THIRTEENTH WARD,42.67105,-73.7995,Entire home/apt,182,2,11,25-05-2026,0.44,1,297,5
1.14624E+18,Larson Green,233515764,1.46924E+18,Etem,SIXTH WARD,42.6524924,-73.7674361,Entire home/apt,157,1,119,17-05-2026,4.63,8,199,60
1.14709E+18,Larson Blue,233515764,1.46924E+18,Etem,SIXTH WARD,42.65274,-73.76779,Entire home/apt,128,2,102,25-05-2026,3.95,8,112,30
1.15061E+18,Albany historic Washington Park,576083630,1.47057E+18,Joseph,SIXTH WARD,42.6586049,-73.7680329,Entire home/apt,164,2,19,26-02-2026,0.75,1,227,8
1.15806E+18,"""The Albany Allen Home"" Private Bedroom 1",349460842,1.4697E+18,Scott,TENTH WARD,42.66428,-73.79249,Private room,72,28,2,29-11-2024,0.09,21,269,0
1.15824E+18,Funky loft studio,502037254,1.47026E+18,Andrew,THIRD WARD,42.65845,-73.75926,Entire home/apt,108,30,0,,0,2,269,0
1.16465E+18,*Private Entrance* Cozy Apt Bright + Modern W/D,47625981,1.46271E+18,Linda,SEVENTH WARD,42.64727,-73.76758,Entire home/apt,216,1,16,14-02-2026,0.67,16,309,2
1.1718E+18,Walk to convention center:Lark St:Capital,232967878,1.4688E+18,Diana,SIXTH WARD,42.65314,-73.7653,Entire home/apt,235,2,79,13-05-2026,3.21,14,93,29
1.17339E+18,New near major medical facility,232967878,1.4688E+18,Diana,SEVENTH WARD,42.64442,-73.77938,Entire home/apt,400,2,32,17-05-2026,1.38,14,68,13
1.17454E+18,"Spacious, Modern Gem in Melrose - Pet Friendly",441054845,1.46999E+18,Thaddeus,THIRTEENTH WARD,42.66894,-73.79549,Entire home/apt,166,2,76,10-05-2026,3.09,2,0,21
1.18257E+18,Limited Time Listing,42708277,1.46563E+18,Rodney,SIXTH WARD,42.6534205,-73.7639758,Entire home/apt,200,1,39,23-05-2026,1.62,5,55,13
1.18346E+18,Upscale Listing-Heart of Albany,42708277,1.46563E+18,Rodney,SIXTH WARD,42.65227,-73.7646,Entire home/apt,277,1,43,13-04-2026,1.84,5,36,19
1.18346E+18,Albany Business Class Apartment,42708277,1.46563E+18,Rodney,SIXTH WARD,42.6524,-73.76351,Entire home/apt,187,1,40,18-05-2026,1.67,5,54,21
1.18554E+18,Empire Plaza Apartment,29483818,1.46543E+18,Ben,SIXTH WARD,42.65327,-73.76181,Entire home/apt,134,1,249,14-06-2026,10.43,1,123,116
1.18559E+18,"""The Albany Allen Home"" Private Bedroom 3",349460842,1.4697E+18,Scott,FOURTEENTH WARD,42.66612,-73.79275,Private room,47,28,0,,0,21,209,0
1.18759E+18,House near major medical centers/colleges,232967878,1.4688E+18,Diana,NINTH WARD,42.65502,-73.79183,Entire home/apt,343,1,29,19-07-2025,1.22,14,62,1
1.18925E+18,Beautiful 2 Bedroom with Parking,37769478,1.46557E+18,Erion,SIXTH WARD,42.65333,-73.7711,Entire home/apt,183,1,50,01-06-2026,2.35,16,349,26
1.18925E+18,Pine Hills Stay 1 BDR with Parking,37769478,1.46557E+18,Erion,TENTH WARD,42.66215,-73.79048,Entire home/apt,179,1,56,17-05-2026,2.39,16,320,21
1.1919E+18,"Room in Albany, 4 minutes from AMC",32379616,1.46548E+18,Fabiola,TENTH WARD,42.6605291,-73.7831549,Private room,33,28,2,15-05-2026,0.55,8,363,2
1.19646E+18,Albany Vacation Rental w/ State Capitol Views!,121680792,1.46824E+18,Evolve,SIXTH WARD,42.655732,-73.764735,Entire home/apt,294,5,0,,0,4,350,0
1.19859E+18,"""The LEO Home"" Private Bedroom 2",349460842,1.4697E+18,Scott,TENTH WARD,42.66269,-73.78163,Private room,71,30,0,,0,21,350,0
1.20153E+18,Traveling Medical Professionals,413566290,1.46988E+18,Victoria,NINTH WARD,42.65506736,-73.79768461,Private room,55,30,6,18-12-2025,0.26,3,47,1
1.2087E+18,"""The Albany Allen Home"" Private Bedroom 5",349460842,1.4697E+18,Scott,TENTH WARD,42.6639,-73.7927,Private room,72,28,0,,0,21,364,0
1.20931E+18,"Dali room, private queen near AMC, UAlbany",20536619,1.46261E+18,Emily,THIRTEENTH WARD,42.67318,-73.79345,Private room,97,4,4,01-08-2025,0.19,13,88,2
1.22418E+18,White Cozy Room,522436003,1.47035E+18,Adriana,THIRTEENTH WARD,42.66859,-73.78832,Private room,38,28,4,09-06-2026,0.19,6,336,2
1.22684E+18,Homey Room,522436003,1.47035E+18,Adriana,THIRTEENTH WARD,42.6689404,-73.7890064,Private room,86,1,0,,0,6,350,0
1.22749E+18,/Audubon Apartment\ 3bed 1bath built1928 Pine Hill,52123673,1.46583E+18,Joseph,THIRTEENTH WARD,42.66955,-73.78542,Entire home/apt,194,3,15,04-05-2026,0.7,3,348,8
1.23026E+18,King Bed • Workspace • Laundry | Walk to Downtown,106636448,1.46729E+18,Dan,SIXTH WARD,42.65507161,-73.76475095,Entire home/apt,253,1,88,04-06-2026,4.77,1,239,41
1.23337E+18,Larson Gold,233515764,1.46924E+18,Etem,SIXTH WARD,42.65173,-73.76786,Entire home/apt,157,1,116,25-05-2026,5.39,8,217,60
1.23438E+18,Spacious Garden Apt in Center Square,564967431,1.47049E+18,Stephanie,SIXTH WARD,42.65046807,-73.76434796,Entire home/apt,193,1,3,06-06-2026,0.15,3,342,1
1.24223E+18,Nice room in downtown albany,594734396,1.47062E+18,Abdelrahman,SECOND WARD,42.6425,-73.75889,Private room,69,1,40,14-08-2025,1.91,1,361,6
1.2522E+18,"""The Albany Allen Home"" Private Bedroom 4",349460842,1.4697E+18,Scott,TENTH WARD,42.66517905,-73.79260148,Private room,72,28,1,07-10-2025,0.12,21,304,1
1.25226E+18,staycation CAP region,38324986,1.46557E+18,Gregory,EIGHTH WARD,42.64548739,-73.78960322,Entire home/apt,313,4,0,,0,1,362,0
1.2523E+18,"""The Albany Allen Home"" Private Bedroom 2",349460842,1.4697E+18,Scott,TENTH WARD,42.66555578,-73.79269775,Private room,77,21,1,27-11-2024,0.05,21,358,0
1.25639E+18,Rowhouse 10 One Bedroom,37769478,1.46557E+18,Erion,SIXTH WARD,42.65422977,-73.76982577,Entire home/apt,182,1,26,30-05-2026,1.26,16,331,16
1.2565E+18,"""The LEO Home"" Private Bedroom 3",349460842,1.4697E+18,Scott,TENTH WARD,42.66226,-73.78221,Private room,55,30,0,,0,21,161,0
1.26453E+18,"*Serene* Parkside 2BR Apt: Private Entrance, W/D",47625981,1.46271E+18,Linda,SEVENTH WARD,42.64762857,-73.76751684,Entire home/apt,263,1,43,25-05-2026,2.11,16,333,16
1.26534E+18,Stylish studio - downtown Albany,564967431,1.47049E+18,Stephanie,SIXTH WARD,42.65004675,-73.76402178,Entire home/apt,150,1,6,01-03-2025,0.3,3,246,0
1.26668E+18,Row house on the park,1017349,1.46254E+18,Chris,SIXTH WARD,42.65319027,-73.769706,Private room,72,1,1,26-10-2024,0.05,1,82,0
1.26821E+18,Central Location 1 Bed 1 Bath With Parking,270608641,1.46943E+18,Aleks,SIXTH WARD,42.6513797,-73.76947069,Entire home/apt,145,1,62,17-05-2026,3.14,1,352,45
1.27386E+18,Short term across from UAlbany,658588120,1.47065E+18,Melinda,TWELFTH WARD,42.68685059,-73.81405552,Entire home/apt,166,365,0,,0,1,358,0
1.27461E+18,Two bedroom apartment in the heart of Albany,32379616,1.46548E+18,Fabiola,THIRD WARD,42.66487531,-73.76730339,Entire home/apt,85,1,1,13-04-2026,0.46,8,336,1
1.27978E+18,Spacious & Quiet Townhouse Near Legislative Center,528617680,1.47038E+18,Paola,SECOND WARD,42.64531128,-73.757934,Private room,52,1,6,19-02-2025,0.3,1,305,0
1.27985E+18,Private bedroom 7 minutes from Albany Med,32379616,1.46548E+18,Fabiola,THIRD WARD,42.664093,-73.7679519,Private room,36,28,1,02-03-2026,0.28,8,297,1
1.28498E+18,Cowen Residence Hospitality.,661066080,1.47066E+18,Conseta,FOURTH WARD,42.67445143,-73.73835701,Entire home/apt,289,1,5,11-10-2025,0.29,1,177,2
1.28908E+18,"1 bedroom apt close to hospitals,3min to Albanymed",484673863,1.46381E+18,Michaela,NINTH WARD,42.65665628,-73.78182705,Entire home/apt,206,1,39,16-03-2026,2.03,3,348,10
1.29288E+18,‘The Blue Home’ Private Bedroom 3 / 1 Full Bath,349460842,1.4697E+18,Scott,TENTH WARD,42.66229706,-73.78175574,Private room,46,30,0,,0,21,132,0
1.29433E+18,Modern Luxury 2 bedroom w/yard,353498132,1.46351E+18,Michael,EIGHTH WARD,42.64592834,-73.79876141,Entire home/apt,155,13,0,,0,6,166,0
1.2958E+18,'The Blue Home' Private Bedroom 1 / 1 Full Bath,349460842,1.4697E+18,Scott,THIRTEENTH WARD,42.6634563,-73.78182815,Private room,71,30,1,17-09-2025,0.11,21,227,1
1.29665E+18,Room in Albany,663670719,1.47067E+18,Elhadj,THIRTEENTH WARD,42.66434544,-73.77874573,Private room,63,1,11,01-10-2025,0.65,3,226,2
1.29676E+18,"Room In Albany, NY",663670719,1.47067E+18,Elhadj,ELEVENTH WARD,42.6629497,-73.77890271,Private room,63,1,124,05-06-2026,6.61,3,306,80
1.29807E+18,Fresh & Modernized 2BR Fl 1 Apt @ Downtown Albany,44434571,1.4627E+18,Earl Vanze,SECOND WARD,42.64441207,-73.75226674,Entire home/apt,230,1,58,17-05-2026,3.27,11,350,37
1.30808E+18,‘The Blue Home’ Private Bedroom 2 / 1 Full Bath,349460842,1.4697E+18,Scott,TENTH WARD,42.66299895,-73.78255585,Private room,72,28,1,13-08-2025,0.1,21,177,1
1.30811E+18,‘The Blue Home’ Private Bedroom 4 / 1 Full Bath,349460842,1.4697E+18,Scott,TENTH WARD,42.66239947,-73.7827126,Private room,71,30,0,,0,21,339,0
1.31017E+18,Private Room In Albany,663670719,1.47067E+18,Elhadj,ELEVENTH WARD,42.66375891,-73.77674407,Private room,66,1,71,22-05-2026,3.93,3,282,44
1.31962E+18,Prime Location - 1 Bedroom,559146397,1.4705E+18,Cathleen,SIXTH WARD,42.65331,-73.76971,Entire home/apt,95,31,0,,0,2,318,0
1.31965E+18,The Sweet spot,252422913,1.46934E+18,Dennis,FIFTEENTH WARD,42.67077854,-73.82525055,Entire home/apt,245,2,8,27-05-2026,0.56,1,171,7
1.32825E+18,The Whisky House,666182267,1.46392E+18,Tyler,SIXTH WARD,42.65015,-73.76337,Entire home/apt,196,2,54,15-06-2026,3.27,1,254,42
1.3284E+18,Top of The Capital,392074908,1.4636E+18,Jerry,SIXTH WARD,42.65262,-73.76134,Entire home/apt,161,2,6,18-05-2026,0.38,3,321,2
1.32936E+18,Albany Prime Location - 1 Bed,559146397,1.4705E+18,Cathleen,SIXTH WARD,42.65344807,-73.76942854,Entire home/apt,97,31,0,,0,2,333,0
1.33424E+18,Charming & Roomy 3BR/1BA Fl 2 Apt @Downtown Albany,44434571,1.4627E+18,Earl Vanze,SECOND WARD,42.644075,-73.7545279,Entire home/apt,229,1,51,07-06-2026,3.45,11,302,41
1.3468E+18,Center Sq 1BR| Walk to Capitol | Parking | Lark St,299638115,1.46954E+18,Flerida,SIXTH WARD,42.6556643,-73.7618859,Entire home/apt,158,1,17,24-05-2026,1.44,4,361,17
1.35087E+18,Capital City Escape,10279606,1.46284E+18,Nori,FIFTEENTH WARD,42.67003714,-73.82302715,Entire home/apt,371,1,82,07-06-2026,5.06,3,337,61
1.35858E+18,Two bedroom apartment in Albany,32379616,1.46548E+18,Fabiola,THIRD WARD,42.66526305,-73.7671607,Entire home/apt,94,28,0,,0,8,346,0
1.36387E+18,A piece of mind,650062372,1.47064E+18,The Essencesless Cozy Stay,THIRTEENTH WARD,42.66891,-73.79096,Entire home/apt,349,1,8,22-03-2026,0.59,1,319,5
1.36693E+18,Vacation Home in Albany,680411288,1.4707E+18,Stephanie,EIGHTH WARD,42.64533015,-73.78913105,Entire home/apt,354,2,51,25-05-2026,3.36,1,214,36
1.36913E+18,Capital Comfort Stay,584109093,1.4706E+18,Cecilia,FOURTH WARD,42.66159372,-73.75439957,Entire home/apt,149,1,57,14-06-2026,3.74,1,318,48
1.36915E+18,Lovely located 2 bdrm - Steps - Dwntwn & Hospitals,521669673,1.47035E+18,Kody,FIFTH WARD,42.66023621,-73.75777995,Entire home/apt,84,14,0,,0,4,274,0
1.36977E+18,Near Hospitals: Home w/ Yard in Albany!,121680792,1.46824E+18,Evolve,FIRST WARD,42.63962652,-73.77330801,Entire home/apt,273,2,1,18-10-2025,0.12,4,361,1
1.37163E+18,Central cozy 4 bedroom w/King bed,20536619,1.46261E+18,Emily,TENTH WARD,42.66315402,-73.78910124,Entire home/apt,165,28,1,04-08-2025,0.09,13,169,1
1.37183E+18,"Walk to Albany Med, MVP Arena, Washington Park",265861488,1.46941E+18,Vander,SIXTH WARD,42.65040603,-73.76433185,Entire home/apt,132,1,97,15-06-2026,6.66,1,305,81
1.37475E+18,Family Home|Playground|Fire Pit|Driveway|Movies,193923901,1.46901E+18,Liza,FOURTEENTH WARD,42.67057,-73.80939,Entire home/apt,354,1,38,12-06-2026,3.43,1,287,38
1.37501E+18,A peaceful home away from home,385963105,1.46979E+18,Samantha,FOURTEENTH WARD,42.66598411,-73.81880097,Entire home/apt,220,7,3,01-11-2025,0.23,1,68,2
1.37699E+18,Cozy Sunshine,233515764,1.46924E+18,Etem,SEVENTH WARD,42.64764409,-73.77159254,Entire home/apt,148,1,13,11-03-2026,0.88,8,209,11
1.37745E+18,"Woodlands room, private queen, walk to AMC",20536619,1.46261E+18,Emily,TENTH WARD,42.66148231,-73.78761856,Private room,72,56,3,26-10-2025,0.28,13,0,3
1.37747E+18,"Crimson private queen room, walk to Albany Med",20536619,1.46261E+18,Emily,TENTH WARD,42.66310642,-73.7871616,Private room,72,56,2,23-11-2025,0.22,13,0,2
1.37748E+18,"Peony room, private w/ King bed!",20536619,1.46261E+18,Emily,TENTH WARD,42.661831,-73.78755057,Private room,72,56,2,23-11-2025,0.17,13,0,2
1.37991E+18,Cozy Sunset,233515764,1.46924E+18,Etem,SEVENTH WARD,42.64628669,-73.77153089,Entire home/apt,148,1,47,15-05-2026,3.12,8,301,38
1.38116E+18,Elegant Albany Home Next Downtown W/Free Breakfast,466790114,1.46811E+18,⁨Premier Stay Co.⁩,ELEVENTH WARD,42.68231685,-73.78367156,Entire home/apt,87,1,17,07-03-2026,1.15,29,363,11
1.38351E+18,Cozy Home 5 STAR AREA W/Parking,654226760,1.47064E+18,Chris,FOURTEENTH WARD,42.66191,-73.7974412,Entire home/apt,297,1,62,15-06-2026,5.31,1,356,62
1.38391E+18,"Cranberry room, large private queen near AMC",20536619,1.46261E+18,Emily,TENTH WARD,42.66317304,-73.78912755,Private room,72,56,1,31-07-2025,0.09,13,0,1
1.39017E+18,New Large Bedroom! Has Parking!,55596850,1.46591E+18,Alain,NINTH WARD,42.66002,-73.79333,Private room,55,8,1,15-05-2025,0.08,3,258,0
1.39348E+18,Albany Cozy Room Next to downtown W/breakfast,466790114,1.46811E+18,⁨Premier Stay Co.⁩,FIFTH WARD,42.67652149,-73.78111384,Entire home/apt,88,1,12,09-05-2026,0.84,29,363,10
1.39363E+18,"New Bedroom! Centrally located, Includes Laundry!",55596850,1.46591E+18,Alain,NINTH WARD,42.65947528,-73.7936812,Private room,56,7,5,20-12-2025,0.36,3,271,3
1.39567E+18,The Small Yellow Room with twin bed /tv,116935236,1.46291E+18,F S,THIRTEENTH WARD,42.66991719,-73.78632927,Private room,57,5,4,29-05-2026,0.4,5,319,4
1.39692E+18,New Bedroom Centrally Located! Parking & Laundry,55596850,1.46591E+18,Alain,FOURTEENTH WARD,42.66111606,-73.7940814,Private room,38,28,3,30-08-2025,0.25,3,257,3
1.40246E+18,4 bedroom house with all the amenities,32379616,1.46548E+18,Fabiola,TENTH WARD,42.6605291,-73.7831549,Entire home/apt,120,14,2,10-08-2025,0.17,8,359,2
1.40533E+18,Room near SUNY Albany and 4 minutes from AMC,32379616,1.46548E+18,Fabiola,TENTH WARD,42.6599033,-73.78257397,Private room,36,28,0,,0,8,305,0
1.40965E+18,Albany Getaway Near Brewery District,692671333,1.47073E+18,Paul,FOURTH WARD,42.6722593,-73.73905199,Entire home/apt,159,2,7,05-06-2026,0.72,1,57,7
1.43E+18,Downtown ALB • Hot Tub • Game Room • Free Parking,71003491,1.46688E+18,Yasiel,THIRD WARD,42.65665,-73.74868,Entire home/apt,540,2,22,28-05-2026,2.14,1,241,22
1.43272E+18,/Purple Potty\3bed1ba Apartment,52123673,1.46583E+18,Joseph,THIRTEENTH WARD,42.66915985,-73.78528794,Entire home/apt,259,2,4,31-08-2025,0.36,3,350,4
1.43282E+18,"Charming, Spacious Apt Downtown Albany",531209536,1.47039E+18,Amar,THIRD WARD,42.65792079,-73.75026566,Entire home/apt,157,1,1,22-02-2026,0.25,2,110,1
1.43411E+18,Albany Cozy Suite Close to Downtown with Breakfast,466790114,1.46811E+18,⁨Premier Stay Co.⁩,ELEVENTH WARD,42.68224687,-73.7833839,Entire home/apt,94,1,21,29-05-2026,1.68,29,364,20
1.43411E+18,Stylish Albany Room W/Breakfast Next to Downtown.,466790114,1.46811E+18,⁨Premier Stay Co.⁩,ELEVENTH WARD,42.68052557,-73.78524616,Entire home/apt,85,1,7,21-11-2025,0.62,29,358,7
1.43559E+18,Cozy apartment in beautiful Downtown Albany,167102397,1.46862E+18,Nathan,SIXTH WARD,42.65422697,-73.76720391,Entire home/apt,117,2,29,09-06-2026,2.43,2,243,29
1.4358E+18,Global Entry Unit # 1 (2nd Floor Walk-up),130497392,1.46831E+18,Dale,SIXTH WARD,42.65759,-73.7652,Entire home/apt,166,7,0,,0,2,365,0
1.43947E+18,Timelessly Restored 2-Bed Fl 2 Apt @DowntownAlbany,44434571,1.4627E+18,Earl Vanze,SECOND WARD,42.64439,-73.75296,Entire home/apt,242,1,35,24-05-2026,2.91,11,167,35
1.44162E+18,Room close to AMed and St peters,652223872,1.47064E+18,Umit,TENTH WARD,42.66035,-73.78296,Private room,44,3,2,30-07-2025,0.17,1,365,2
1.4472E+18,/Red Den Apartment\3bed1bath,52123673,1.46583E+18,Joseph,THIRTEENTH WARD,42.66951,-73.78736,Entire home/apt,220,2,3,28-11-2025,0.27,3,361,3
1.4485E+18,Comfy & Convenient 2-Bed Fl 1 Apt @DowntownAlbany,44434571,1.4627E+18,Earl Vanze,SECOND WARD,42.64587,-73.75356,Entire home/apt,180,1,15,30-03-2026,1.3,11,353,15
1.45014E+18,A charming apartment.,675767467,1.47069E+18,Jeffrey,SECOND WARD,42.64535,-73.75678,Entire home/apt,75,1,88,14-06-2026,8.07,2,319,88
1.45016E+18,Spacious convenient to Hospital and capital,675767467,1.47069E+18,Jeffrey,SECOND WARD,42.64510481,-73.75712113,Entire home/apt,75,1,84,07-06-2026,7.54,2,323,84
1.45349E+18,Spacious 2-Bed Queen|Free Parking,696324825,1.47073E+18,Martin,ELEVENTH WARD,42.67878121,-73.7821292,Hotel room,186,1,2,10-08-2025,0.18,1,87,2
1.45385E+18,Cozy Monthly | Pvt | W/D | Pets,172658781,1.46868E+18,Jessica,NINTH WARD,42.6561578,-73.7921126,Entire home/apt,107,31,2,02-03-2026,0.29,2,70,2
1.45442E+18,Albany Cozy Stay W/Breakfast Close to Downtown,466790114,1.46811E+18,⁨Premier Stay Co.⁩,FIFTH WARD,42.67619,-73.78121,Entire home/apt,83,1,3,08-02-2026,0.28,29,365,3
1.45442E+18,Albany Cozy Room W/Breakfast Next to Downtown,466790114,1.46811E+18,⁨Premier Stay Co.⁩,FIFTH WARD,42.67639,-73.78086,Entire home/apt,90,1,15,17-05-2026,1.35,29,363,15
1.45442E+18,Albany Cozy room W/Breakfast Close to Downtown,466790114,1.46811E+18,⁨Premier Stay Co.⁩,FIFTH WARD,42.67612,-73.78092,Entire home/apt,104,1,21,18-03-2026,1.81,29,361,21
1.4558E+18,Charming 1 Bedroom House,37769478,1.46557E+18,Erion,TENTH WARD,42.66355585,-73.79345889,Entire home/apt,160,1,7,02-05-2026,0.62,16,353,7
1.45913E+18,The Dove: A Peaceful Large Studio Private Bathroom,363028988,1.46973E+18,Roland,FOURTEENTH WARD,42.6677,-73.80023,Entire home/apt,81,5,24,26-05-2026,2.14,5,300,24
1.45972E+18,Historic Downtown Albany 2 Bdrm,272907816,1.46944E+18,Angela,SECOND WARD,42.64604,-73.75419,Entire home/apt,309,1,17,14-06-2026,1.54,3,83,17
1.46251E+18,2BR w/ Parking + deck - Near Downtown & MVP Arena,181867269,1.46876E+18,Andres,SECOND WARD,42.64403,-73.75853,Entire home/apt,199,1,52,14-06-2026,4.8,2,322,52
1.46478E+18,2BR w/ Parking + Deck • Near MVP Arena,181867269,1.46876E+18,Andres,SECOND WARD,42.64491,-73.7594,Entire home/apt,199,1,38,14-06-2026,3.54,2,343,38
1.4658E+18,Downtown Living Space,418250661,1.46365E+18,Stephanie,THIRD WARD,42.65704,-73.75167,Entire home/apt,133,14,0,,0,2,350,0
1.46811E+18,Albany Luxury Room W/Breakfast Next to Downtown,466790114,1.46811E+18,⁨Premier Stay Co.⁩,FIFTH WARD,42.67627,-73.78226,Entire home/apt,91,1,6,09-05-2026,0.63,29,360,6
1.46812E+18,Albany Central Room W/Breakfast Next to Downtown,466790114,1.46811E+18,⁨Premier Stay Co.⁩,ELEVENTH WARD,42.68022603,-73.78336881,Entire home/apt,97,1,5,30-05-2026,0.56,29,360,5
1.47049E+18,The Madison- Work Friendly Apt with Parking,564967431,1.47049E+18,Stephanie,SIXTH WARD,42.6511612,-73.76489494,Entire home/apt,139,2,2,26-02-2026,0.49,3,290,2
1.47212E+18,Bright & Airy 1 BDRM Private Apt,47625981,1.46271E+18,Linda,FOURTH WARD,42.65791,-73.74669,Entire home/apt,172,1,13,09-05-2026,1.2,16,352,13
1.47349E+18,Slate private queen room near AMC,20536619,1.46261E+18,Emily,TENTH WARD,42.66295,-73.78792,Private room,82,4,2,16-09-2025,0.19,13,50,2
1.4735E+18,"Silver private queen room, central location",20536619,1.46261E+18,Emily,TENTH WARD,42.66241618,-73.78837961,Private room,78,5,1,02-11-2025,0.13,13,114,1
1.47351E+18,"Ivory private queen, walk to AMC",20536619,1.46261E+18,Emily,TENTH WARD,42.66325814,-73.7898267,Private room,83,21,2,16-02-2026,0.36,13,36,2
1.47608E+18,Sienna private queen near AMC,20536619,1.46261E+18,Emily,TENTH WARD,42.66232293,-73.78771391,Private room,43,28,2,12-02-2026,0.19,13,102,2
1.47678E+18,Downtown Luxe- Steps to MVP Arena & NYS Capital,710552538,1.47678E+18,Jonathan,THIRD WARD,42.6498098,-73.7532565,Entire home/apt,120,2,11,01-03-2026,1.09,1,164,11
1.47711E+18,Ontario's Luxe House,10279606,1.46284E+18,Nori,NINTH WARD,42.65547,-73.78949,Entire home/apt,485,1,58,07-06-2026,5.94,3,315,58
1.47712E+18,Global Entry Unit # 2 (3rd Floor Walk-up),130497392,1.46831E+18,Dale,SIXTH WARD,42.65787364,-73.76544768,Entire home/apt,166,3,0,,0,2,361,0
1.47747E+18,"Spacious 4br home near hospitals, schools",20536619,1.46261E+18,Emily,TENTH WARD,42.66344,-73.78752,Entire home/apt,160,28,0,,0,13,102,0
1.4797E+18,Central Albany Retreat | Walk Everywhere + Parking,19648678,1.46309E+18,Ming,SIXTH WARD,42.6523779,-73.7671603,Entire home/apt,160,1,36,07-06-2026,3.75,7,345,36
1.48186E+18,Albany Elegant room with Breakfast Next Downtown,466790114,1.46811E+18,⁨Premier Stay Co.⁩,ELEVENTH WARD,42.67808,-73.78208,Entire home/apt,88,1,5,01-05-2026,0.59,29,363,5
1.48187E+18,Albany Cozy Room Next to Downtown With Breakfast,466790114,1.46811E+18,⁨Premier Stay Co.⁩,FIFTH WARD,42.67580178,-73.78036875,Entire home/apt,83,1,2,19-10-2025,0.23,29,359,2
1.48187E+18,Albany Cozy Home with Breakfast Next to Downtown,466790114,1.46811E+18,⁨Premier Stay Co.⁩,FIFTH WARD,42.67736,-73.78108,Entire home/apt,87,1,10,19-04-2026,0.99,29,356,10
1.4822E+18,Albany Modern Home W/Breakfast Minutes to Downtown,466790114,1.46811E+18,⁨Premier Stay Co.⁩,ELEVENTH WARD,42.6809405,-73.7846106,Entire home/apt,90,1,11,27-04-2026,1.09,29,357,11
1.48572E+18,Lovely Albany room with Breakfast Next to Downtown,466790114,1.46811E+18,⁨Premier Stay Co.⁩,ELEVENTH WARD,42.68205,-73.7846,Entire home/apt,92,1,1,20-03-2026,0.34,29,365,1
1.48573E+18,Albany Central room Breakfast minutes to Downtown,466790114,1.46811E+18,⁨Premier Stay Co.⁩,ELEVENTH WARD,42.68211,-73.78306,Entire home/apt,87,1,4,23-05-2026,0.41,29,362,4
1.49816E+18,Apartment in Albany,111760206,1.49816E+18,Rachel,SIXTH WARD,42.65334,-73.76605,Entire home/apt,115,1,47,03-05-2026,5.2,1,166,47
1.49839E+18,Downtown 3BR duplex full kitchen parking off i-787,478816393,1.49839E+18,Lee,THIRD WARD,42.6567,-73.75412,Entire home/apt,295,1,38,26-05-2026,6.26,1,203,38
1.49888E+18,Cozy Room - Best City Location,534733076,1.4704E+18,Danyal,SIXTH WARD,42.65326151,-73.76980903,Private room,67,2,22,16-05-2026,2.29,1,71,22
1.49891E+18,"Elegant 1BR in Historic Center Square, Albany",188679144,1.46898E+18,Elizabeth,SIXTH WARD,42.65479,-73.76274,Entire home/apt,99,30,0,,0,11,365,0
1.51028E+18,Cozy Teal Retreat | 1 Mile Albany Medical & VA Med,79099670,1.51028E+18,Nathan,SEVENTH WARD,42.64166,-73.78424,Private room,126,1,3,09-05-2026,0.33,1,136,3
1.51145E+18,Large Studio Downtown with Pool Table,390089294,1.46872E+18,Traverse,SIXTH WARD,42.65294,-73.76511,Entire home/apt,160,1,0,,0,6,359,0
1.51146E+18,Large 1 bedroom downtown!,390089294,1.46872E+18,Traverse,FOURTH WARD,42.67410613,-73.75067767,Entire home/apt,174,2,1,26-03-2026,0.36,6,135,1
1.51148E+18,Spacious Downtown 1BR Cozy Apartment!,390089294,1.46872E+18,Traverse,SIXTH WARD,42.65562,-73.76445,Entire home/apt,128,2,0,,0,6,358,0
1.51156E+18,Spacious Studio | Downtown,390089294,1.46872E+18,Traverse,SIXTH WARD,42.65426,-73.76308,Entire home/apt,116,2,1,10-03-2026,0.3,6,359,1
1.51157E+18,Very Comfortable Studio Downtown,390089294,1.46872E+18,Traverse,SIXTH WARD,42.65228,-73.76491,Entire home/apt,137,2,0,,0,6,361,0
1.51158E+18,Downtown Cozy Studio - Comfy & Clean!,390089294,1.46872E+18,Traverse,SIXTH WARD,42.65303,-73.76101,Entire home/apt,213,2,0,,0,6,358,0
1.51894E+18,Stylish 3BR Stay Near Albany Medical Center,188679144,1.46898E+18,Elizabeth,NINTH WARD,42.65527,-73.78585,Entire home/apt,193,7,1,19-12-2025,0.17,11,339,1
1.51973E+18,Spacious 4BR Home Near Hospitals • FREE Parking,488778056,1.51973E+18,Kotun,TENTH WARD,42.65841,-73.78321,Entire home/apt,465,1,32,15-06-2026,6.19,1,320,32
1.52106E+18,Modern Albany Room Next to Downtown with Breakfast,466790114,1.46811E+18,⁨Premier Stay Co.⁩,ELEVENTH WARD,42.6817,-73.78439,Entire home/apt,102,1,5,25-04-2026,0.6,29,365,5
1.52204E+18,Suite One - 1 Bedroom Apartment,37769478,1.46557E+18,Erion,SIXTH WARD,42.65393,-73.7693,Entire home/apt,143,1,13,24-05-2026,1.78,16,329,13
1.52364E+18,Historic Brick City Center Glow,706406610,1.52364E+18,JNM Living Spaces,SIXTH WARD,42.65323354,-73.76717951,Entire home/apt,234,1,3,13-04-2026,0.38,2,330,3
1.52631E+18,"Bright, Clean, Convenient. Close to Albany Med.",478607033,1.52622E+18,Meredith,NINTH WARD,42.65539199,-73.79223162,Private room,106,1,0,,0,2,125,0
1.52828E+18,ParkSide Retreat - 2 BDR with Off Street Parking,37769478,1.46557E+18,Erion,SIXTH WARD,42.6542,-73.77128,Entire home/apt,210,1,27,01-06-2026,3.25,16,324,27
1.52833E+18,Charming 2 BR home in Albany,15064470,1.46295E+18,Rebecca,EIGHTH WARD,42.64273222,-73.79208774,Entire home/apt,185,1,53,02-06-2026,6.6,1,282,53
1.53329E+18,Midtown Retreat!,340511465,1.53329E+18,AnnMarie,NINTH WARD,42.64724,-73.79126,Private room,109,1,12,14-06-2026,1.49,1,323,12
1.53625E+18,Welcome to Albany! Close to Hospitals and Shops.,478607033,1.52622E+18,Meredith,NINTH WARD,42.65602,-73.79093,Private room,89,1,1,17-05-2026,1,2,313,1
1.53628E+18,Cozy Albany room with Breakfast Next to Downtown,466790114,1.46811E+18,⁨Premier Stay Co.⁩,ELEVENTH WARD,42.68018,-73.78375,Entire home/apt,115,1,12,24-05-2026,1.65,29,351,12
1.53628E+18,Elegant Albany Home with Breakfast Close Downtown,466790114,1.46811E+18,⁨Premier Stay Co.⁩,ELEVENTH WARD,42.68006,-73.78465,Entire home/apt,105,1,3,01-03-2026,0.43,29,354,3
1.53732E+18,"2 bedrooms, 1 bathroom [HUGE] Furnished apartment",455342215,1.46374E+18,Allah,FIRST WARD,42.63622,-73.76152,Entire home/apt,82,1,0,,0,1,351,0
1.53926E+18,Hot Tub Patio + 2 Ensuites | Walk to Capitol & MVP,476189412,1.47015E+18,Timothy,SECOND WARD,42.64685431,-73.75872251,Entire home/apt,539,2,17,24-05-2026,3.04,3,90,17
1.54352E+18,Stylish renovated 2 bedroom apartment KING bed!,107206246,1.4673E+18,Furdowse,FOURTEENTH WARD,42.6588327,-73.8016217,Entire home/apt,253,1,13,09-06-2026,3.94,2,349,13
1.54356E+18,'The Morris Home' Private Bedroom 4 / 2 Full Bath,349460842,1.4697E+18,Scott,TENTH WARD,42.6618257,-73.7869405,Private room,72,28,1,12-05-2026,0.83,21,312,1
1.55175E+18,Urban Micro Loft | Central Albany + Parking,19648678,1.46309E+18,Ming,SIXTH WARD,42.65363856,-73.76603516,Entire home/apt,119,1,19,11-06-2026,3.73,7,341,19
1.55226E+18,'The Morris Home' Private Bedroom 5 / 2 Full Bath,349460842,1.4697E+18,Scott,TENTH WARD,42.66271914,-73.78779238,Private room,72,28,0,,0,21,320,0
1.55441E+18,Charming Cottage,147780154,1.46845E+18,Julia,EIGHTH WARD,42.65669424,-73.81901754,Entire home/apt,166,3,0,,0,1,358,0
1.55731E+18,Cozy Albany Home with Breakfast Next to Downtown,466790114,1.46811E+18,⁨Premier Stay Co.⁩,ELEVENTH WARD,42.67997,-73.78387,Entire home/apt,95,1,4,17-05-2026,0.58,29,365,4
1.55742E+18,Great Two bedroom in Albany NY-Centrally Located,302714563,1.55742E+18,Sherra,SIXTH WARD,42.6508268,-73.7668402,Entire home/apt,177,1,3,25-12-2025,0.44,1,46,3
1.55821E+18,Lovely & Spacious 3BR by Albany Med,188679144,1.46898E+18,Elizabeth,NINTH WARD,42.65644,-73.78689,Entire home/apt,159,14,1,10-04-2026,0.44,11,357,1
1.56623E+18,Historic City Center Brick Getaway,706406610,1.52364E+18,JNM Living Spaces,SIXTH WARD,42.6538803,-73.7679765,Entire home/apt,149,2,4,26-02-2026,0.86,2,288,4
1.56671E+18,Albany Cozy home with Breakfast Next to Downtown,466790114,1.46811E+18,⁨Premier Stay Co.⁩,ELEVENTH WARD,42.68137,-73.78513,Entire home/apt,85,1,14,01-06-2026,2.88,29,362,14
1.56758E+18,Larson Honey,233515764,1.46924E+18,Etem,SIXTH WARD,42.65195581,-73.76696732,Entire home/apt,126,1,1,24-05-2026,1,8,26,1
1.56837E+18,AMC Traveling Medical Professionals!,413566290,1.46988E+18,Victoria,NINTH WARD,42.65524021,-73.79811075,Private room,77,1,3,16-02-2026,0.49,3,67,3
1.5698E+18,"Landing | Spectacular 2BD, Gym",263502162,1.46333E+18,Landing,NINTH WARD,42.65309,-73.77427,Entire home/apt,166,30,2,19-01-2026,0.4,2,349,2
1.5698E+18,"Landing | Chic 1BD, Gym",263502162,1.46333E+18,Landing,SIXTH WARD,42.65444884,-73.77460435,Entire home/apt,166,30,2,05-05-2026,0.42,2,347,2
1.57473E+18,Walk to Albany Med in 5 minutes!,413566290,1.46988E+18,Victoria,NINTH WARD,42.65319,-73.78387,Private room,63,7,4,08-06-2026,0.83,3,189,4
1.57691E+18,Albany Central room with Breakfast Next Downtown,466790114,1.46811E+18,⁨Premier Stay Co.⁩,ELEVENTH WARD,42.68146,-73.78313,Entire home/apt,99,1,5,26-05-2026,1.47,29,362,5
1.57692E+18,Lovely Albany Room with Breakfast Next Downtown,466790114,1.46811E+18,⁨Premier Stay Co.⁩,ELEVENTH WARD,42.68006,-73.78386,Entire home/apt,91,1,9,16-05-2026,1.8,29,362,9
1.5791E+18,Charming Albany Retreat ~ 3 Mi to Downtown!,121680792,1.46824E+18,Evolve,THIRTEENTH WARD,42.66958,-73.79722,Entire home/apt,204,4,1,30-12-2025,0.18,4,329,1
1.58569E+18,The Grand on Clinton across from The Palace!,61433748,1.46676E+18,Kristy,THIRD WARD,42.6550306,-73.7517294,Entire home/apt,190,1,14,17-05-2026,3.44,1,11,14
1.59664E+18,Comfort and Spacious,323992015,1.46962E+18,Tanya,EIGHTH WARD,42.64514,-73.78866,Entire home/apt,343,1,6,15-06-2026,2.47,1,312,6
1.59747E+18,Albany-center-elite-apartment,739585626,1.59664E+18,Olena,SECOND WARD,42.64533778,-73.7601644,Entire home/apt,115,1,2,17-05-2026,1.87,1,340,2
1.59878E+18,"Chic 2BR Retreat in Albany Cozy, Stylish & Central",47625981,1.46271E+18,Linda,SEVENTH WARD,42.64901303,-73.76681392,Entire home/apt,269,1,6,17-05-2026,1.57,16,344,6
1.60157E+18,Two-bedroom House Albany,73777155,1.60157E+18,Rich,EIGHTH WARD,42.65162,-73.81077,Entire home/apt,209,2,5,08-03-2026,1.23,1,166,5
1.60476E+18,Empire State Executive Suite| Prime Plaza Location,42708277,1.46563E+18,Rodney,SIXTH WARD,42.65462,-73.76027,Entire home/apt,185,1,11,22-05-2026,2.32,5,361,11
1.60622E+18,& Peaceful Modern Home Near Central Albany,114629237,1.46291E+18,Bronson,FIFTH WARD,42.66915741,-73.76762621,Entire home/apt,166,2,2,24-03-2026,0.47,1,0,2
1.60733E+18,Relaxing 1BD Stay Albany W/Breakfast Next Downtown,466790114,1.46811E+18,⁨Premier Stay Co.⁩,ELEVENTH WARD,42.68169,-73.78467,Entire home/apt,83,1,1,16-02-2026,0.25,29,365,1
1.60733E+18,Albany Comfy 1BD Hotel W/Breakfast Next Downtown,466790114,1.46811E+18,⁨Premier Stay Co.⁩,ELEVENTH WARD,42.68166,-73.78337,Entire home/apt,114,1,1,25-04-2026,0.57,29,348,1
1.60734E+18,Modern 1BD Room in Albany with Breakfast & view,466790114,1.46811E+18,⁨Premier Stay Co.⁩,ELEVENTH WARD,42.68231,-73.78321,Entire home/apt,81,1,1,06-04-2026,0.42,29,364,1
1.60892E+18,‘The Morris Home’ Private Bedroom 1 / 2 Full Bath,349460842,1.4697E+18,Scott,TENTH WARD,42.66238268,-73.78640926,Private room,72,28,1,09-05-2026,0.77,21,276,1
1.60949E+18,Comfortable Home Near Downtown Albany & Highway,685706660,1.47071E+18,Antonio,FIRST WARD,42.63919025,-73.7753294,Entire home/apt,148,1,12,02-06-2026,3.6,1,119,12
1.6111E+18,Historic Albany Nest | Center of it All + Parking,19648678,1.46309E+18,Ming,SIXTH WARD,42.6521437,-73.76736432,Entire home/apt,164,1,22,07-06-2026,5.41,7,343,22
1.62122E+18,Large Bedroom in the heart of downtown Albany.,746227721,1.62122E+18,Idongesit,SIXTH WARD,42.65458,-73.76775,Private room,71,1,5,13-05-2026,1.3,4,339,5
1.6234E+18,‘The Morris Home’ Private Bedroom 6 / 2 Full Bath,349460842,1.4697E+18,Scott,TENTH WARD,42.66113314,-73.78734172,Private room,77,21,0,,0,21,319,0
1.62422E+18,A beautiful home away from home for travelers.,746227721,1.62122E+18,Idongesit,SIXTH WARD,42.65298117,-73.76566749,Entire home/apt,226,1,10,07-06-2026,3.75,4,334,10
1.62422E+18,Private 3BR Townhouse by St. Peter's | Fast Wi-Fi,433096110,1.46996E+18,Brian,FOURTEENTH WARD,42.6586448,-73.8022004,Entire home/apt,288,1,9,13-06-2026,2.33,4,356,9
1.62579E+18,Large Bedroom in the heart of downtown Albany.,746227721,1.62122E+18,Idongesit,SIXTH WARD,42.65389,-73.76616,Private room,71,1,2,21-03-2026,0.64,4,335,2
1.62579E+18,"Large room with walk in closet, work station",746227721,1.62122E+18,Idongesit,SIXTH WARD,42.65395419,-73.76604152,Private room,71,1,5,16-04-2026,1.46,4,341,5
1.63048E+18,Newly Renovated 3BR/2BA with Private Attic Suite,49372011,1.46575E+18,Philip,SEVENTH WARD,42.64745,-73.76968,Entire home/apt,320,1,2,12-05-2026,0.64,2,353,2
1.63305E+18,Apartment: King Bed + 2 Queens in Spacious 3BR,363028988,1.46973E+18,Roland,THIRTEENTH WARD,42.66923873,-73.79797219,Entire home/apt,158,5,3,29-03-2026,0.95,5,299,3
1.63364E+18,2 min walk to albanymed|offst parking| in unit W/D,484673863,1.46381E+18,Michaela,NINTH WARD,42.6549957,-73.7757215,Entire home/apt,225,1,6,01-06-2026,2.07,3,347,6
1.63522E+18,The Eagle: Cozy Queen Room in Shared Apartment,363028988,1.46973E+18,Roland,FOURTEENTH WARD,42.66827,-73.79883,Private room,50,5,0,,0,5,343,0
1.63524E+18,The Owl: Queen Bedroom + Shared Kitchen & Bath,363028988,1.46973E+18,Roland,FOURTEENTH WARD,42.66783,-73.80053,Private room,47,5,1,29-04-2026,0.61,5,310,1
1.63527E+18,"The Falcon: large room, king side bed+ work space",363028988,1.46973E+18,Roland,THIRTEENTH WARD,42.66919,-73.79865,Private room,69,5,3,10-05-2026,1.32,5,299,3
1.64153E+18,Charming fully furnished 2BR + office next to AMC,338394812,1.64153E+18,Yuriy,NINTH WARD,42.65427,-73.78645,Entire home/apt,150,2,8,14-06-2026,3.04,1,349,8
1.64283E+18,2 Queen Beds Stay near Times Union Center,705140675,1.50878E+18,CH Hotels,THIRD WARD,42.645489,-73.7502916,Hotel room,124,1,0,,0,8,313,0
1.64283E+18,Double Queen Room | Free Parking & Breakfast!,705140675,1.50878E+18,CH Hotels,THIRD WARD,42.645489,-73.7502916,Hotel room,124,1,0,,0,8,313,0
1.64283E+18,2  Modern Downtown Albany Rooms for Group/Family!,705140675,1.50878E+18,CH Hotels,THIRD WARD,42.645489,-73.7502916,Hotel room,248,1,0,,0,8,312,0
1.64283E+18,2 Restful Rooms for Downtown Albany Stays,705140675,1.50878E+18,CH Hotels,THIRD WARD,42.645489,-73.7502916,Hotel room,248,1,0,,0,8,312,0
1.64283E+18,3 Units Near Hudson River w/ Free Parking!,705140675,1.50878E+18,CH Hotels,THIRD WARD,42.64549,-73.75029,Hotel room,372,1,0,,0,8,312,0
1.64283E+18,3 Rooms for Family Stay w/ Free On-Site Parking!,705140675,1.50878E+18,CH Hotels,THIRD WARD,42.645489,-73.7502916,Hotel room,372,1,0,,0,8,312,0
1.64283E+18,King Room near Empire State Plaza w/ Free Parking!,705140675,1.50878E+18,CH Hotels,THIRD WARD,42.645489,-73.7502916,Hotel room,124,1,0,,0,8,316,0
1.64283E+18,Downtown Albany Room | Free Breakfast & Parking!,705140675,1.50878E+18,CH Hotels,THIRD WARD,42.645489,-73.7502916,Hotel room,124,1,0,,0,8,316,0
1.64664E+18,New Modern 2 bedroom on the park,206292817,1.46908E+18,Eugene,SIXTH WARD,42.65384,-73.76763,Entire home/apt,133,3,6,03-06-2026,2.31,2,331,6
1.64928E+18,Rowhouse 23 Studio,37769478,1.46557E+18,Erion,SIXTH WARD,42.6536325,-73.7702348,Entire home/apt,166,1,6,23-05-2026,2.65,16,336,6
1.65102E+18,Soul-House,376559722,1.65102E+18,Zoe,NINTH WARD,42.65544,-73.77679,Entire home/apt,160,1,6,25-05-2026,2.77,1,13,6
1.65143E+18,"Albany Value Stay | Near Universities, Hospitals",744091135,1.65143E+18,RedAwning Vacation Rentals,TENTH WARD,42.6618,-73.7901,Entire home/apt,442,1,2,31-05-2026,2,1,35,2
1.6546E+18,New Modern 2 Bedroom on the Park,206292817,1.46908E+18,Eugene,SIXTH WARD,42.65356,-73.76744,Entire home/apt,132,3,5,10-06-2026,2.68,2,335,5
1.65683E+18,Beautiful Center Square garden apt w/ back patio.,754206433,1.65683E+18,Laura,SIXTH WARD,42.65189236,-73.76530666,Entire home/apt,125,1,14,08-06-2026,7.12,1,315,14
1.66686E+18,"Room in Albany, close to Albany Medical Center",32379616,1.46548E+18,Fabiola,TENTH WARD,42.66007822,-73.78203277,Private room,45,28,0,,0,8,361,0
1.66891E+18,Central Albany Home with Breakfast Next Downtown,466790114,1.46811E+18,⁨Premier Stay Co.⁩,TWELFTH WARD,42.68228286,-73.78503145,Entire home/apt,89,1,1,16-06-2026,1,29,365,1
1.67132E+18,Larson Checkered,233515764,1.46924E+18,Etem,SIXTH WARD,42.65340967,-73.76791194,Entire home/apt,124,2,4,26-05-2026,2.73,8,244,4
1.67244E+18,Rowhouse 18 - 1BDR Park South,37769478,1.46557E+18,Erion,SIXTH WARD,42.6536325,-73.7702348,Entire home/apt,208,1,1,06-06-2026,1,16,351,1
1.67496E+18,Modern Stay on a budget (ideal for students/profs),1.67496E+18,1.67496E+18,Jose,ELEVENTH WARD,42.66748,-73.77681,Private room,42,30,0,,0,1,163,0
1.67692E+18,"Serene and Cozy: Clean, Cozy Contemporary Living",1.67692E+18,1.67692E+18,Janelle,FIRST WARD,42.6378758,-73.7594293,Entire home/apt,224,1,2,07-06-2026,2,1,362,2
1.67922E+18,Central Albany Room with Breakfast,466790114,1.46811E+18,⁨Premier Stay Co.⁩,ELEVENTH WARD,42.68014,-73.78438,Entire home/apt,96,1,3,29-05-2026,2.73,29,362,3
1.67923E+18,Modern Albany Home with Breakfast Next Downtown,466790114,1.46811E+18,⁨Premier Stay Co.⁩,ELEVENTH WARD,42.6814,-73.7843,Entire home/apt,97,1,1,17-05-2026,1,29,364,1
1.67924E+18,Albany Marvelous Room with Breakfast Next Downtown,466790114,1.46811E+18,⁨Premier Stay Co.⁩,ELEVENTH WARD,42.68033,-73.78411,Entire home/apt,91,1,0,,0,29,358,0
1.68003E+18,Location is prime! King & Full bed! Sleeps 4 cozy,107206246,1.4673E+18,Furdowse,FOURTEENTH WARD,42.65883,-73.80162,Entire home/apt,200,1,0,,0,2,361,0
1.6814E+18,Two-bedroom apartment in beautiful Center Square,167102397,1.46862E+18,Nathan,SIXTH WARD,42.65293,-73.76674,Entire home/apt,206,1,4,08-06-2026,3.64,2,209,4
1.68192E+18,Perfect Albany Getaway Near Hospitals & Downtown,512736975,1.47031E+18,Miguelino,TENTH WARD,42.66096,-73.77585,Entire home/apt,149,1,0,,0,2,193,0
1.68954E+18,Great spot in Albany,3073250,1.46262E+18,Dan,SIXTH WARD,42.6512308,-73.7624463,Entire home/apt,213,1,0,,0,1,319,0
1.69786E+18,AMC Cozy Bedroom,522436003,1.47035E+18,Adriana,SIXTH WARD,42.6538498,-73.77216,Private room,115,2,0,,0,6,359,0
1.69789E+18,MC Washington Park,522436003,1.47035E+18,Adriana,SIXTH WARD,42.6538498,-73.77216,Private room,86,2,0,,0,6,362,0
1.70148E+18,Serenity Room,32379616,1.46548E+18,Fabiola,THIRD WARD,42.66314604,-73.76845825,Private room,45,28,0,,0,8,365,0
